id,user_id,title,description,category,condition,images,preferred_item,status,created_at,updated_at,estimated_value
01433e29-4542-4de9-85f8-352e3f68c1b1,a724fa6f-063a-4ef4-b972-e4ee72d79147,"tv ",good,"electronics ",new,"[""https://gbugoqasyfdxpayjtzhm.supabase.co/storage/v1/object/public/item-images/a724fa6f-063a-4ef4-b972-e4ee72d79147/migrated_01433e29-4542-4de9-85f8-352e3f68c1b1_0_1772263377830.jpeg"",""https://gbugoqasyfdxpayjtzhm.supabase.co/storage/v1/object/public/item-images/a724fa6f-063a-4ef4-b972-e4ee72d79147/migrated_01433e29-4542-4de9-85f8-352e3f68c1b1_1_1772263377976.jpeg"",""https://gbugoqasyfdxpayjtzhm.supabase.co/storage/v1/object/public/item-images/a724fa6f-063a-4ef4-b972-e4ee72d79147/migrated_01433e29-4542-4de9-85f8-352e3f68c1b1_2_1772263378144.jpeg"",""https://gbugoqasyfdxpayjtzhm.supabase.co/storage/v1/object/public/item-images/a724fa6f-063a-4ef4-b972-e4ee72d79147/migrated_01433e29-4542-4de9-85f8-352e3f68c1b1_3_1772263378325.jpeg"",""https://gbugoqasyfdxpayjtzhm.supabase.co/storage/v1/object/public/item-images/a724fa6f-063a-4ef4-b972-e4ee72d79147/migrated_01433e29-4542-4de9-85f8-352e3f68c1b1_4_1772263378467.jpeg"",""https://gbugoqasyfdxpayjtzhm.supabase.co/storage/v1/object/public/item-images/a724fa6f-063a-4ef4-b972-e4ee72d79147/migrated_01433e29-4542-4de9-85f8-352e3f68c1b1_5_1772263378642.jpeg""]","table ",swapped,2026-02-21 09:36:28.73+00,2026-02-21 09:39:12.357867+00,0
06e995e3-65eb-4eba-8bb8-847890765e79,7d15287c-65ae-4c4e-8361-847b135974b7,Power Bank,"Good condition and pocket size ",Electronics,like-new,"[""https://gbugoqasyfdxpayjtzhm.supabase.co/storage/v1/object/public/item-images/7d15287c-65ae-4c4e-8361-847b135974b7/migrated_06e995e3-65eb-4eba-8bb8-847890765e79_0_1772264918556.jpeg"",""https://gbugoqasyfdxpayjtzhm.supabase.co/storage/v1/object/public/item-images/7d15287c-65ae-4c4e-8361-847b135974b7/migrated_06e995e3-65eb-4eba-8bb8-847890765e79_1_1772264918816.jpeg"",""https://gbugoqasyfdxpayjtzhm.supabase.co/storage/v1/object/public/item-images/7d15287c-65ae-4c4e-8361-847b135974b7/migrated_06e995e3-65eb-4eba-8bb8-847890765e79_2_1772264918937.jpeg"",""https://gbugoqasyfdxpayjtzhm.supabase.co/storage/v1/object/public/item-images/7d15287c-65ae-4c4e-8361-847b135974b7/migrated_06e995e3-65eb-4eba-8bb8-847890765e79_3_1772264919086.jpeg"",""https://gbugoqasyfdxpayjtzhm.supabase.co/storage/v1/object/public/item-images/7d15287c-65ae-4c4e-8361-847b135974b7/migrated_06e995e3-65eb-4eba-8bb8-847890765e79_4_1772264919209.jpeg"",""https://gbugoqasyfdxpayjtzhm.supabase.co/storage/v1/object/public/item-images/7d15287c-65ae-4c4e-8361-847b135974b7/migrated_06e995e3-65eb-4eba-8bb8-847890765e79_5_1772264919337.jpeg""]",Anything worthy,active,2026-02-23 10:43:03.317+00,2026-02-23 10:43:04.232199+00,0
0777aac3-16ac-4284-9728-32ff23e19010,69f721a3-10f0-49ee-944d-821c53a6c308,"headphones ","good brand now for further contact me ","electronics ",new,"[""https://gbugoqasyfdxpayjtzhm.supabase.co/storage/v1/object/public/item-images/69f721a3-10f0-49ee-944d-821c53a6c308/migrated_0777aac3-16ac-4284-9728-32ff23e19010_0_1772263353584.jpeg"",""https://gbugoqasyfdxpayjtzhm.supabase.co/storage/v1/object/public/item-images/69f721a3-10f0-49ee-944d-821c53a6c308/migrated_0777aac3-16ac-4284-9728-32ff23e19010_1_1772263353740.jpeg"",""https://gbugoqasyfdxpayjtzhm.supabase.co/storage/v1/object/public/item-images/69f721a3-10f0-49ee-944d-821c53a6c308/migrated_0777aac3-16ac-4284-9728-32ff23e19010_2_1772263353882.jpeg"",""https://gbugoqasyfdxpayjtzhm.supabase.co/storage/v1/object/public/item-images/69f721a3-10f0-49ee-944d-821c53a6c308/migrated_0777aac3-16ac-4284-9728-32ff23e19010_3_1772263354022.jpeg"",""https://gbugoqasyfdxpayjtzhm.supabase.co/storage/v1/object/public/item-images/69f721a3-10f0-49ee-944d-821c53a6c308/migrated_0777aac3-16ac-4284-9728-32ff23e19010_4_1772263354142.jpeg"",""https://gbugoqasyfdxpayjtzhm.supabase.co/storage/v1/object/public/item-images/69f721a3-10f0-49ee-944d-821c53a6c308/migrated_0777aac3-16ac-4284-9728-32ff23e19010_5_1772263354280.jpeg""]",new,active,2026-02-22 09:55:26.033+00,2026-02-22 09:55:26.20778+00,0
0a132037-5dbe-4e3c-9acf-6f13d637343f,a724fa6f-063a-4ef4-b972-e4ee72d79147,lamp,"from ikea lights up the room ","other ",good,"[""https://gbugoqasyfdxpayjtzhm.supabase.co/storage/v1/object/public/item-images/a724fa6f-063a-4ef4-b972-e4ee72d79147/migrated_0a132037-5dbe-4e3c-9acf-6f13d637343f_0_1772264917464.jpeg"",""https://gbugoqasyfdxpayjtzhm.supabase.co/storage/v1/object/public/item-images/a724fa6f-063a-4ef4-b972-e4ee72d79147/migrated_0a132037-5dbe-4e3c-9acf-6f13d637343f_1_1772264917626.jpeg"",""https://gbugoqasyfdxpayjtzhm.supabase.co/storage/v1/object/public/item-images/a724fa6f-063a-4ef4-b972-e4ee72d79147/migrated_0a132037-5dbe-4e3c-9acf-6f13d637343f_2_1772264917761.jpeg"",""https://gbugoqasyfdxpayjtzhm.supabase.co/storage/v1/object/public/item-images/a724fa6f-063a-4ef4-b972-e4ee72d79147/migrated_0a132037-5dbe-4e3c-9acf-6f13d637343f_3_1772264917973.jpeg"",""https://gbugoqasyfdxpayjtzhm.supabase.co/storage/v1/object/public/item-images/a724fa6f-063a-4ef4-b972-e4ee72d79147/migrated_0a132037-5dbe-4e3c-9acf-6f13d637343f_4_1772264918138.jpeg"",""https://gbugoqasyfdxpayjtzhm.supabase.co/storage/v1/object/public/item-images/a724fa6f-063a-4ef4-b972-e4ee72d79147/migrated_0a132037-5dbe-4e3c-9acf-6f13d637343f_5_1772264918286.jpeg""]","anything else ",active,2026-02-23 10:21:25.915+00,2026-02-23 10:21:26.996276+00,0
0c8f2530-a984-40a5-8966-be56b739bfac,7d15287c-65ae-4c4e-8361-847b135974b7,Wooden stool,"New stool and good in condition ",home_living,new,"[""https://gbugoqasyfdxpayjtzhm.supabase.co/storage/v1/object/public/item-images/7d15287c-65ae-4c4e-8361-847b135974b7/migrated_0c8f2530-a984-40a5-8966-be56b739bfac_0_1772263397777.jpeg"",""https://gbugoqasyfdxpayjtzhm.supabase.co/storage/v1/object/public/item-images/7d15287c-65ae-4c4e-8361-847b135974b7/migrated_0c8f2530-a984-40a5-8966-be56b739bfac_1_1772263397940.jpeg"",""https://gbugoqasyfdxpayjtzhm.supabase.co/storage/v1/object/public/item-images/7d15287c-65ae-4c4e-8361-847b135974b7/migrated_0c8f2530-a984-40a5-8966-be56b739bfac_2_1772263398098.jpeg"",""https://gbugoqasyfdxpayjtzhm.supabase.co/storage/v1/object/public/item-images/7d15287c-65ae-4c4e-8361-847b135974b7/migrated_0c8f2530-a984-40a5-8966-be56b739bfac_3_1772263398235.jpeg"",""https://gbugoqasyfdxpayjtzhm.supabase.co/storage/v1/object/public/item-images/7d15287c-65ae-4c4e-8361-847b135974b7/migrated_0c8f2530-a984-40a5-8966-be56b739bfac_4_1772263398373.jpeg"",""https://gbugoqasyfdxpayjtzhm.supabase.co/storage/v1/object/public/item-images/7d15287c-65ae-4c4e-8361-847b135974b7/migrated_0c8f2530-a984-40a5-8966-be56b739bfac_5_1772263398493.jpeg""]",others,swapped,2026-02-24 09:38:50.057+00,2026-02-27 18:08:04.553315+00,0
0e9916a6-8fa3-454c-8127-d1b42a78fb62,c9e9ffcb-53a6-444a-8ae3-15696808fa03,"Orthopedic mattress ",Kurlon soft orthapedic mattress slight used for only 6 months 8 inch double bed brought for 9500,"Mattress ",like-new,"[""https://gbugoqasyfdxpayjtzhm.supabase.co/storage/v1/object/public/item-images/c9e9ffcb-53a6-444a-8ae3-15696808fa03/migrated_0e9916a6-8fa3-454c-8127-d1b42a78fb62_0_1772264836514.jpeg"",""https://gbugoqasyfdxpayjtzhm.supabase.co/storage/v1/object/public/item-images/c9e9ffcb-53a6-444a-8ae3-15696808fa03/migrated_0e9916a6-8fa3-454c-8127-d1b42a78fb62_1_1772264836655.jpeg"",""https://gbugoqasyfdxpayjtzhm.supabase.co/storage/v1/object/public/item-images/c9e9ffcb-53a6-444a-8ae3-15696808fa03/migrated_0e9916a6-8fa3-454c-8127-d1b42a78fb62_2_1772264836806.jpeg"",""https://gbugoqasyfdxpayjtzhm.supabase.co/storage/v1/object/public/item-images/c9e9ffcb-53a6-444a-8ae3-15696808fa03/migrated_0e9916a6-8fa3-454c-8127-d1b42a78fb62_3_1772264836954.jpeg"",""https://gbugoqasyfdxpayjtzhm.supabase.co/storage/v1/object/public/item-images/c9e9ffcb-53a6-444a-8ae3-15696808fa03/migrated_0e9916a6-8fa3-454c-8127-d1b42a78fb62_4_1772264837114.jpeg"",""https://gbugoqasyfdxpayjtzhm.supabase.co/storage/v1/object/public/item-images/c9e9ffcb-53a6-444a-8ae3-15696808fa03/migrated_0e9916a6-8fa3-454c-8127-d1b42a78fb62_5_1772264837240.jpeg""]",Anything worth like tv,active,2026-02-24 05:57:53.766+00,2026-02-24 05:56:11.458874+00,0
1390c1f1-0209-496f-9c8c-17f25eddc414,140e5cfc-2aa1-4a03-9da7-6567778bbb89,Jetha,Good man with big ..... Heart,Fashion,new,"[""https://gbugoqasyfdxpayjtzhm.supabase.co/storage/v1/object/public/item-images/140e5cfc-2aa1-4a03-9da7-6567778bbb89/migrated_1390c1f1-0209-496f-9c8c-17f25eddc414_0_1772263351273.jpeg"",""https://gbugoqasyfdxpayjtzhm.supabase.co/storage/v1/object/public/item-images/140e5cfc-2aa1-4a03-9da7-6567778bbb89/migrated_1390c1f1-0209-496f-9c8c-17f25eddc414_1_1772263351423.jpeg"",""https://gbugoqasyfdxpayjtzhm.supabase.co/storage/v1/object/public/item-images/140e5cfc-2aa1-4a03-9da7-6567778bbb89/migrated_1390c1f1-0209-496f-9c8c-17f25eddc414_2_1772263351557.jpeg"",""https://gbugoqasyfdxpayjtzhm.supabase.co/storage/v1/object/public/item-images/140e5cfc-2aa1-4a03-9da7-6567778bbb89/migrated_1390c1f1-0209-496f-9c8c-17f25eddc414_3_1772263351714.jpeg"",""https://gbugoqasyfdxpayjtzhm.supabase.co/storage/v1/object/public/item-images/140e5cfc-2aa1-4a03-9da7-6567778bbb89/migrated_1390c1f1-0209-496f-9c8c-17f25eddc414_4_1772263351853.jpeg"",""https://gbugoqasyfdxpayjtzhm.supabase.co/storage/v1/object/public/item-images/140e5cfc-2aa1-4a03-9da7-6567778bbb89/migrated_1390c1f1-0209-496f-9c8c-17f25eddc414_5_1772263352013.jpeg""]",Babita ji,swapped,2026-02-21 17:11:30.783+00,2026-02-21 17:13:30.63793+00,0
1398b107-5b55-4269-8cbb-829bcf939ed3,4de381bc-d495-4347-bf0f-c626160930c0,"Imported C case hotwheels ",Imported C case hotwheels straight from Malaysia to your collection contact at 8291732409,hobbies_crafts,new,"[""https://dealiit.com/api.php/storage/v1/object/public/item-images/4de381bc-d495-4347-bf0f-c626160930c0/1774296479525_0.jpg"",""https://dealiit.com/api.php/storage/v1/object/public/item-images/4de381bc-d495-4347-bf0f-c626160930c0/1774296479976_1.jpg"",""https://dealiit.com/api.php/storage/v1/object/public/item-images/4de381bc-d495-4347-bf0f-c626160930c0/1774296480173_2.jpg"",""https://dealiit.com/api.php/storage/v1/object/public/item-images/4de381bc-d495-4347-bf0f-c626160930c0/1774296480332_3.jpg"",""https://dealiit.com/api.php/storage/v1/object/public/item-images/4de381bc-d495-4347-bf0f-c626160930c0/1774296480528_4.jpg"",""https://dealiit.com/api.php/storage/v1/object/public/item-images/4de381bc-d495-4347-bf0f-c626160930c0/1774296480786_5.jpg"",""https://dealiit.com/api.php/storage/v1/object/public/item-images/4de381bc-d495-4347-bf0f-c626160930c0/1774296481402_6.jpg"",""https://dealiit.com/api.php/storage/v1/object/public/item-images/4de381bc-d495-4347-bf0f-c626160930c0/1774296482376_7.jpg"",""https://dealiit.com/api.php/storage/v1/object/public/item-images/4de381bc-d495-4347-bf0f-c626160930c0/1774296482639_8.jpg"",""https://dealiit.com/api.php/storage/v1/object/public/item-images/4de381bc-d495-4347-bf0f-c626160930c0/1774296482840_9.jpg""]",electronics,active,2026-03-23 20:08:03.533+00,2026-03-23 20:08:04.326211+00,0
254ad2b3-16da-4252-81a3-f18b59efc312,7d15287c-65ae-4c4e-8361-847b135974b7,Kookaburra Cricket Bat,"Kookaburra English Willow cricket bat, a bit old but still maintained.","Fashion ",fair,"[""https://gbugoqasyfdxpayjtzhm.supabase.co/storage/v1/object/public/item-images/7d15287c-65ae-4c4e-8361-847b135974b7/migrated_254ad2b3-16da-4252-81a3-f18b59efc312_0_1772263347156.jpeg"",""https://gbugoqasyfdxpayjtzhm.supabase.co/storage/v1/object/public/item-images/7d15287c-65ae-4c4e-8361-847b135974b7/migrated_254ad2b3-16da-4252-81a3-f18b59efc312_1_1772263347322.jpeg"",""https://gbugoqasyfdxpayjtzhm.supabase.co/storage/v1/object/public/item-images/7d15287c-65ae-4c4e-8361-847b135974b7/migrated_254ad2b3-16da-4252-81a3-f18b59efc312_2_1772263347472.jpeg"",""https://gbugoqasyfdxpayjtzhm.supabase.co/storage/v1/object/public/item-images/7d15287c-65ae-4c4e-8361-847b135974b7/migrated_254ad2b3-16da-4252-81a3-f18b59efc312_3_1772263347605.jpeg"",""https://gbugoqasyfdxpayjtzhm.supabase.co/storage/v1/object/public/item-images/7d15287c-65ae-4c4e-8361-847b135974b7/migrated_254ad2b3-16da-4252-81a3-f18b59efc312_4_1772263347773.jpeg"",""https://gbugoqasyfdxpayjtzhm.supabase.co/storage/v1/object/public/item-images/7d15287c-65ae-4c4e-8361-847b135974b7/migrated_254ad2b3-16da-4252-81a3-f18b59efc312_5_1772263347952.jpeg""]",Anything worthy,active,2026-02-23 07:29:03.768+00,2026-02-23 07:29:05.842932+00,0
2f837f08-1ab0-464a-bab6-8d4de8029835,d4e556d5-2c48-44e6-882b-6c14334a65e0,"CBSE board 9std guides and digest's ",Guides for 9std CBSE book very less used good content no markings,"Books ",like-new,"[""https://gbugoqasyfdxpayjtzhm.supabase.co/storage/v1/object/public/item-images/d4e556d5-2c48-44e6-882b-6c14334a65e0/migrated_2f837f08-1ab0-464a-bab6-8d4de8029835_0_1772263392359.jpeg"",""https://gbugoqasyfdxpayjtzhm.supabase.co/storage/v1/object/public/item-images/d4e556d5-2c48-44e6-882b-6c14334a65e0/migrated_2f837f08-1ab0-464a-bab6-8d4de8029835_1_1772263392503.jpeg"",""https://gbugoqasyfdxpayjtzhm.supabase.co/storage/v1/object/public/item-images/d4e556d5-2c48-44e6-882b-6c14334a65e0/migrated_2f837f08-1ab0-464a-bab6-8d4de8029835_2_1772263392633.jpeg"",""https://gbugoqasyfdxpayjtzhm.supabase.co/storage/v1/object/public/item-images/d4e556d5-2c48-44e6-882b-6c14334a65e0/migrated_2f837f08-1ab0-464a-bab6-8d4de8029835_3_1772263392764.jpeg"",""https://gbugoqasyfdxpayjtzhm.supabase.co/storage/v1/object/public/item-images/d4e556d5-2c48-44e6-882b-6c14334a65e0/migrated_2f837f08-1ab0-464a-bab6-8d4de8029835_4_1772263392907.jpeg"",""https://gbugoqasyfdxpayjtzhm.supabase.co/storage/v1/object/public/item-images/d4e556d5-2c48-44e6-882b-6c14334a65e0/migrated_2f837f08-1ab0-464a-bab6-8d4de8029835_5_1772263393042.jpeg"",""https://gbugoqasyfdxpayjtzhm.supabase.co/storage/v1/object/public/item-images/d4e556d5-2c48-44e6-882b-6c14334a65e0/migrated_2f837f08-1ab0-464a-bab6-8d4de8029835_6_1772263393185.jpeg"",""https://gbugoqasyfdxpayjtzhm.supabase.co/storage/v1/object/public/item-images/d4e556d5-2c48-44e6-882b-6c14334a65e0/migrated_2f837f08-1ab0-464a-bab6-8d4de8029835_7_1772263393320.jpeg""]",Anything else,active,2026-02-23 13:25:58.654+00,2026-02-23 13:25:59.273788+00,0
307d28c9-9ead-4668-b578-4b8ab3ea69de,5990a8cf-0c1e-4e0b-a103-a54577d79fc4,Jacket,Good,Fashion,new,"[""https://gbugoqasyfdxpayjtzhm.supabase.co/storage/v1/object/public/item-images/5990a8cf-0c1e-4e0b-a103-a54577d79fc4/migrated_307d28c9-9ead-4668-b578-4b8ab3ea69de_0_1772264915124.jpeg"",""https://gbugoqasyfdxpayjtzhm.supabase.co/storage/v1/object/public/item-images/5990a8cf-0c1e-4e0b-a103-a54577d79fc4/migrated_307d28c9-9ead-4668-b578-4b8ab3ea69de_1_1772264915362.jpeg"",""https://gbugoqasyfdxpayjtzhm.supabase.co/storage/v1/object/public/item-images/5990a8cf-0c1e-4e0b-a103-a54577d79fc4/migrated_307d28c9-9ead-4668-b578-4b8ab3ea69de_2_1772264915513.jpeg"",""https://gbugoqasyfdxpayjtzhm.supabase.co/storage/v1/object/public/item-images/5990a8cf-0c1e-4e0b-a103-a54577d79fc4/migrated_307d28c9-9ead-4668-b578-4b8ab3ea69de_3_1772264915659.jpeg"",""https://gbugoqasyfdxpayjtzhm.supabase.co/storage/v1/object/public/item-images/5990a8cf-0c1e-4e0b-a103-a54577d79fc4/migrated_307d28c9-9ead-4668-b578-4b8ab3ea69de_4_1772264915819.jpeg"",""https://gbugoqasyfdxpayjtzhm.supabase.co/storage/v1/object/public/item-images/5990a8cf-0c1e-4e0b-a103-a54577d79fc4/migrated_307d28c9-9ead-4668-b578-4b8ab3ea69de_5_1772264915941.jpeg""]",Sunglasses,swapped,2026-02-21 09:54:32.589+00,2026-02-21 10:11:00.231223+00,0
35351d49-1c66-48a6-975d-66c36bb16456,7d15287c-65ae-4c4e-8361-847b135974b7,Dinning Table,good,Furniture,new,"[""https://gbugoqasyfdxpayjtzhm.supabase.co/storage/v1/object/public/item-images/7d15287c-65ae-4c4e-8361-847b135974b7/migrated_35351d49-1c66-48a6-975d-66c36bb16456_0_1772263380082.jpeg"",""https://gbugoqasyfdxpayjtzhm.supabase.co/storage/v1/object/public/item-images/7d15287c-65ae-4c4e-8361-847b135974b7/migrated_35351d49-1c66-48a6-975d-66c36bb16456_1_1772263380440.jpeg"",""https://gbugoqasyfdxpayjtzhm.supabase.co/storage/v1/object/public/item-images/7d15287c-65ae-4c4e-8361-847b135974b7/migrated_35351d49-1c66-48a6-975d-66c36bb16456_2_1772263380569.jpeg"",""https://gbugoqasyfdxpayjtzhm.supabase.co/storage/v1/object/public/item-images/7d15287c-65ae-4c4e-8361-847b135974b7/migrated_35351d49-1c66-48a6-975d-66c36bb16456_3_1772263380702.jpeg"",""https://gbugoqasyfdxpayjtzhm.supabase.co/storage/v1/object/public/item-images/7d15287c-65ae-4c4e-8361-847b135974b7/migrated_35351d49-1c66-48a6-975d-66c36bb16456_4_1772263380841.jpeg"",""https://gbugoqasyfdxpayjtzhm.supabase.co/storage/v1/object/public/item-images/7d15287c-65ae-4c4e-8361-847b135974b7/migrated_35351d49-1c66-48a6-975d-66c36bb16456_5_1772263380978.jpeg""]",Table,swapped,2026-02-21 09:36:48.874+00,2026-02-21 09:39:12.357867+00,0
3e0ecfd2-fd21-4509-832b-373f4ef39e2d,d4e556d5-2c48-44e6-882b-6c14334a65e0,CBSE board 9std books,"Good condition no pages torn just imp line or answer as been highlighted and in someplace imp things has been written down... Overall good condition ","Books ",good,"[""https://gbugoqasyfdxpayjtzhm.supabase.co/storage/v1/object/public/item-images/d4e556d5-2c48-44e6-882b-6c14334a65e0/migrated_3e0ecfd2-fd21-4509-832b-373f4ef39e2d_0_1772263391306.jpeg"",""https://gbugoqasyfdxpayjtzhm.supabase.co/storage/v1/object/public/item-images/d4e556d5-2c48-44e6-882b-6c14334a65e0/migrated_3e0ecfd2-fd21-4509-832b-373f4ef39e2d_1_1772263391441.jpeg"",""https://gbugoqasyfdxpayjtzhm.supabase.co/storage/v1/object/public/item-images/d4e556d5-2c48-44e6-882b-6c14334a65e0/migrated_3e0ecfd2-fd21-4509-832b-373f4ef39e2d_2_1772263391573.jpeg"",""https://gbugoqasyfdxpayjtzhm.supabase.co/storage/v1/object/public/item-images/d4e556d5-2c48-44e6-882b-6c14334a65e0/migrated_3e0ecfd2-fd21-4509-832b-373f4ef39e2d_3_1772263391707.jpeg"",""https://gbugoqasyfdxpayjtzhm.supabase.co/storage/v1/object/public/item-images/d4e556d5-2c48-44e6-882b-6c14334a65e0/migrated_3e0ecfd2-fd21-4509-832b-373f4ef39e2d_4_1772263391841.jpeg"",""https://gbugoqasyfdxpayjtzhm.supabase.co/storage/v1/object/public/item-images/d4e556d5-2c48-44e6-882b-6c14334a65e0/migrated_3e0ecfd2-fd21-4509-832b-373f4ef39e2d_5_1772263392005.jpeg"",""https://gbugoqasyfdxpayjtzhm.supabase.co/storage/v1/object/public/item-images/d4e556d5-2c48-44e6-882b-6c14334a65e0/migrated_3e0ecfd2-fd21-4509-832b-373f4ef39e2d_6_1772263392161.jpeg""]",Anything else,active,2026-02-23 13:21:28.91+00,2026-02-23 13:21:29.454153+00,0
40c0ddda-3bc9-448c-9268-67af804ab635,0e6ed121-6055-465d-99e5-d3580f279c47,"Het Mumbai ",qwerty,Electronics,new,"[""https://gbugoqasyfdxpayjtzhm.supabase.co/storage/v1/object/public/item-images/0e6ed121-6055-465d-99e5-d3580f279c47/migrated_40c0ddda-3bc9-448c-9268-67af804ab635_0_1772263374103.jpeg"",""https://gbugoqasyfdxpayjtzhm.supabase.co/storage/v1/object/public/item-images/0e6ed121-6055-465d-99e5-d3580f279c47/migrated_40c0ddda-3bc9-448c-9268-67af804ab635_1_1772263374589.jpeg"",""https://gbugoqasyfdxpayjtzhm.supabase.co/storage/v1/object/public/item-images/0e6ed121-6055-465d-99e5-d3580f279c47/migrated_40c0ddda-3bc9-448c-9268-67af804ab635_2_1772263374754.jpeg"",""https://gbugoqasyfdxpayjtzhm.supabase.co/storage/v1/object/public/item-images/0e6ed121-6055-465d-99e5-d3580f279c47/migrated_40c0ddda-3bc9-448c-9268-67af804ab635_3_1772263374903.jpeg"",""https://gbugoqasyfdxpayjtzhm.supabase.co/storage/v1/object/public/item-images/0e6ed121-6055-465d-99e5-d3580f279c47/migrated_40c0ddda-3bc9-448c-9268-67af804ab635_4_1772263375040.jpeg"",""https://gbugoqasyfdxpayjtzhm.supabase.co/storage/v1/object/public/item-images/0e6ed121-6055-465d-99e5-d3580f279c47/migrated_40c0ddda-3bc9-448c-9268-67af804ab635_5_1772263375226.jpeg""]",Iphone Model Only,swapped,2026-02-20 06:56:58.524+00,2026-02-20 07:09:27.366229+00,0
43be08eb-13e4-43e6-bf26-bfe18188b642,6355a685-6856-4a96-a062-588efa48b16a,Old bike made from iron,"Old bike made from Oregon very good showpiece ",others,fair,"[""https://dealiit.com/api.php/storage/v1/object/public/item-images/6355a685-6856-4a96-a062-588efa48b16a/1772304446883_0.jpg"",""https://dealiit.com/api.php/storage/v1/object/public/item-images/6355a685-6856-4a96-a062-588efa48b16a/1772304447630_1.jpg"",""https://dealiit.com/api.php/storage/v1/object/public/item-images/6355a685-6856-4a96-a062-588efa48b16a/1772304447947_2.jpg"",""https://dealiit.com/api.php/storage/v1/object/public/item-images/6355a685-6856-4a96-a062-588efa48b16a/1772304449370_3.jpg"",""https://dealiit.com/api.php/storage/v1/object/public/item-images/6355a685-6856-4a96-a062-588efa48b16a/1772304450496_4.jpg"",""https://dealiit.com/api.php/storage/v1/object/public/item-images/6355a685-6856-4a96-a062-588efa48b16a/1772304451031_5.jpg"",""https://dealiit.com/api.php/storage/v1/object/public/item-images/6355a685-6856-4a96-a062-588efa48b16a/1772304452071_6.jpg"",""https://dealiit.com/api.php/storage/v1/object/public/item-images/6355a685-6856-4a96-a062-588efa48b16a/1772304452852_7.jpg""]",cards_toys,active,2026-02-28 18:47:33.312+00,2026-02-28 18:47:33.418445+00,0
4483b413-cd0a-4c8e-a661-150ec649feb1,5990a8cf-0c1e-4e0b-a103-a54577d79fc4,Karad's  Laptop Mumbai,"very useless laptop like Karad ","Bhangar like Karad ",fair,"[""https://gbugoqasyfdxpayjtzhm.supabase.co/storage/v1/object/public/item-images/5990a8cf-0c1e-4e0b-a103-a54577d79fc4/migrated_4483b413-cd0a-4c8e-a661-150ec649feb1_0_1772264839363.jpeg"",""https://gbugoqasyfdxpayjtzhm.supabase.co/storage/v1/object/public/item-images/5990a8cf-0c1e-4e0b-a103-a54577d79fc4/migrated_4483b413-cd0a-4c8e-a661-150ec649feb1_1_1772264839501.jpeg"",""https://gbugoqasyfdxpayjtzhm.supabase.co/storage/v1/object/public/item-images/5990a8cf-0c1e-4e0b-a103-a54577d79fc4/migrated_4483b413-cd0a-4c8e-a661-150ec649feb1_2_1772264839626.jpeg"",""https://gbugoqasyfdxpayjtzhm.supabase.co/storage/v1/object/public/item-images/5990a8cf-0c1e-4e0b-a103-a54577d79fc4/migrated_4483b413-cd0a-4c8e-a661-150ec649feb1_3_1772264839823.jpeg"",""https://gbugoqasyfdxpayjtzhm.supabase.co/storage/v1/object/public/item-images/5990a8cf-0c1e-4e0b-a103-a54577d79fc4/migrated_4483b413-cd0a-4c8e-a661-150ec649feb1_4_1772264839954.jpeg"",""https://gbugoqasyfdxpayjtzhm.supabase.co/storage/v1/object/public/item-images/5990a8cf-0c1e-4e0b-a103-a54577d79fc4/migrated_4483b413-cd0a-4c8e-a661-150ec649feb1_5_1772264840118.jpeg""]",Vadapav,swapped,2026-02-20 05:56:24.848+00,2026-02-20 06:24:17.583336+00,0
450a4e1d-99f9-4a53-8619-8c695ee1377e,a2b48f69-e9a2-481c-9ffe-8dd044b7b8b2,"Vega  Ultra-Shine Hair Straightener ","Ceramic coated 
Power indicator light 
Quick Heat-Up
Etc.","Electronic hair straightener ",like-new,"[""https://gbugoqasyfdxpayjtzhm.supabase.co/storage/v1/object/public/item-images/a2b48f69-e9a2-481c-9ffe-8dd044b7b8b2/migrated_450a4e1d-99f9-4a53-8619-8c695ee1377e_0_1772264831238.jpeg"",""https://gbugoqasyfdxpayjtzhm.supabase.co/storage/v1/object/public/item-images/a2b48f69-e9a2-481c-9ffe-8dd044b7b8b2/migrated_450a4e1d-99f9-4a53-8619-8c695ee1377e_1_1772264831411.jpeg"",""https://gbugoqasyfdxpayjtzhm.supabase.co/storage/v1/object/public/item-images/a2b48f69-e9a2-481c-9ffe-8dd044b7b8b2/migrated_450a4e1d-99f9-4a53-8619-8c695ee1377e_2_1772264831587.jpeg"",""https://gbugoqasyfdxpayjtzhm.supabase.co/storage/v1/object/public/item-images/a2b48f69-e9a2-481c-9ffe-8dd044b7b8b2/migrated_450a4e1d-99f9-4a53-8619-8c695ee1377e_3_1772264831763.jpeg"",""https://gbugoqasyfdxpayjtzhm.supabase.co/storage/v1/object/public/item-images/a2b48f69-e9a2-481c-9ffe-8dd044b7b8b2/migrated_450a4e1d-99f9-4a53-8619-8c695ee1377e_4_1772264831904.jpeg"",""https://gbugoqasyfdxpayjtzhm.supabase.co/storage/v1/object/public/item-images/a2b48f69-e9a2-481c-9ffe-8dd044b7b8b2/migrated_450a4e1d-99f9-4a53-8619-8c695ee1377e_5_1772264832056.jpeg""]","Hair dryer, hand mixer etc. ",active,2026-02-21 10:54:40.149+00,2026-02-21 10:54:42.075623+00,0
4b828871-81d5-4a6c-a925-66beb1290e70,a2b48f69-e9a2-481c-9ffe-8dd044b7b8b2,"Reciprocating Electric Trimmer ","A pocket size trimmer which can be carried easily anywhere. It's a trimmer of Boli Razor brand. ","Trimmer ",like-new,"[""https://gbugoqasyfdxpayjtzhm.supabase.co/storage/v1/object/public/item-images/a2b48f69-e9a2-481c-9ffe-8dd044b7b8b2/migrated_4b828871-81d5-4a6c-a925-66beb1290e70_0_1772263390327.jpeg"",""https://gbugoqasyfdxpayjtzhm.supabase.co/storage/v1/object/public/item-images/a2b48f69-e9a2-481c-9ffe-8dd044b7b8b2/migrated_4b828871-81d5-4a6c-a925-66beb1290e70_1_1772263390462.jpeg"",""https://gbugoqasyfdxpayjtzhm.supabase.co/storage/v1/object/public/item-images/a2b48f69-e9a2-481c-9ffe-8dd044b7b8b2/migrated_4b828871-81d5-4a6c-a925-66beb1290e70_2_1772263390600.jpeg"",""https://gbugoqasyfdxpayjtzhm.supabase.co/storage/v1/object/public/item-images/a2b48f69-e9a2-481c-9ffe-8dd044b7b8b2/migrated_4b828871-81d5-4a6c-a925-66beb1290e70_3_1772263390725.jpeg"",""https://gbugoqasyfdxpayjtzhm.supabase.co/storage/v1/object/public/item-images/a2b48f69-e9a2-481c-9ffe-8dd044b7b8b2/migrated_4b828871-81d5-4a6c-a925-66beb1290e70_4_1772263390871.jpeg"",""https://gbugoqasyfdxpayjtzhm.supabase.co/storage/v1/object/public/item-images/a2b48f69-e9a2-481c-9ffe-8dd044b7b8b2/migrated_4b828871-81d5-4a6c-a925-66beb1290e70_5_1772263390999.jpeg"",""https://gbugoqasyfdxpayjtzhm.supabase.co/storage/v1/object/public/item-images/a2b48f69-e9a2-481c-9ffe-8dd044b7b8b2/migrated_4b828871-81d5-4a6c-a925-66beb1290e70_6_1772263391125.jpeg""]","A earphone or headphone ",active,2026-02-21 11:06:41.999+00,2026-02-21 11:06:44.055512+00,0
501e1dd0-5eb0-4150-8b64-cc49b1ef58de,f3335638-1195-4cb3-b912-c1b3f2288ae7,Tangzu SG2 Dragon Edition IEM – Mint Condition + Bill+ Premium Eartips,"Selling my Tangzu SG2 Dragon Edition. Barely used as it is part of a larger audio collection. Flawless working and cosmetic condition.
​Purchase Date: November 22, 2025 (Still under warranty)
​Included: Original box, cable, bill, and all accessories.
​🔥 SPECIAL BONUS: Includes a total of 6 pairs of eartips. This features 3 pairs of premium Tangzu Sancai eartips (which alone retail for ₹1,200 online—almost the cost of the IEMs themselves).
​Note: Current market price for just the IEMs online is ₹2,090. You are getting nearly ₹3,300 worth of audio gear for a fraction of the cost.
​Price is slightly negotiable for genuine buyers. Drop a message if you are interested.",electronics,like-new,"[""https://dealiit.com/api.php/storage/v1/object/public/item-images/f3335638-1195-4cb3-b912-c1b3f2288ae7/1772399781552_0.jpg"",""https://dealiit.com/api.php/storage/v1/object/public/item-images/f3335638-1195-4cb3-b912-c1b3f2288ae7/1772399782948_1.jpg"",""https://dealiit.com/api.php/storage/v1/object/public/item-images/f3335638-1195-4cb3-b912-c1b3f2288ae7/1772399783953_2.jpg""]",others,active,2026-03-01 21:16:24.167+00,2026-03-01 21:20:19.177+00,0
5824ccd4-5a0c-4088-9372-a748dae525cc,5990a8cf-0c1e-4e0b-a103-a54577d79fc4,Jeet's Laptop,its a nice and nice laptop,Electronics,new,"[""https://gbugoqasyfdxpayjtzhm.supabase.co/storage/v1/object/public/item-images/5990a8cf-0c1e-4e0b-a103-a54577d79fc4/migrated_5824ccd4-5a0c-4088-9372-a748dae525cc_0_1772263373084.jpeg"",""https://gbugoqasyfdxpayjtzhm.supabase.co/storage/v1/object/public/item-images/5990a8cf-0c1e-4e0b-a103-a54577d79fc4/migrated_5824ccd4-5a0c-4088-9372-a748dae525cc_1_1772263373243.jpeg"",""https://gbugoqasyfdxpayjtzhm.supabase.co/storage/v1/object/public/item-images/5990a8cf-0c1e-4e0b-a103-a54577d79fc4/migrated_5824ccd4-5a0c-4088-9372-a748dae525cc_2_1772263373381.jpeg"",""https://gbugoqasyfdxpayjtzhm.supabase.co/storage/v1/object/public/item-images/5990a8cf-0c1e-4e0b-a103-a54577d79fc4/migrated_5824ccd4-5a0c-4088-9372-a748dae525cc_3_1772263373520.jpeg"",""https://gbugoqasyfdxpayjtzhm.supabase.co/storage/v1/object/public/item-images/5990a8cf-0c1e-4e0b-a103-a54577d79fc4/migrated_5824ccd4-5a0c-4088-9372-a748dae525cc_4_1772263373666.jpeg"",""https://gbugoqasyfdxpayjtzhm.supabase.co/storage/v1/object/public/item-images/5990a8cf-0c1e-4e0b-a103-a54577d79fc4/migrated_5824ccd4-5a0c-4088-9372-a748dae525cc_5_1772263373832.jpeg""]","Iphone ",swapped,2026-02-20 05:44:51.248+00,2026-02-20 05:50:24.299199+00,0
59881a9d-5d2a-4118-bb28-eae383242c0e,69f721a3-10f0-49ee-944d-821c53a6c308,"watch ","good brand new ",others,new,"[""https://dealiit.com/api.php/storage/v1/object/public/item-images/69f721a3-10f0-49ee-944d-821c53a6c308/1773752405082_0.jpg"",""https://dealiit.com/api.php/storage/v1/object/public/item-images/69f721a3-10f0-49ee-944d-821c53a6c308/1773752405302_1.jpg"",""https://dealiit.com/api.php/storage/v1/object/public/item-images/69f721a3-10f0-49ee-944d-821c53a6c308/1773752405523_2.jpg""]",electronics,active,2026-03-17 13:00:06.122+00,2026-03-17 13:00:06.207485+00,0
5be2f0fc-cfa7-4868-bfe5-316beb18de23,7d6ece0b-53e5-4038-bc72-c27844e9b06d,Bag,...,electronics,like-new,"[""https://gbugoqasyfdxpayjtzhm.supabase.co/storage/v1/object/public/item-images/7d6ece0b-53e5-4038-bc72-c27844e9b06d/migrated_5be2f0fc-cfa7-4868-bfe5-316beb18de23_0_1772263396681.jpeg"",""https://gbugoqasyfdxpayjtzhm.supabase.co/storage/v1/object/public/item-images/7d6ece0b-53e5-4038-bc72-c27844e9b06d/migrated_5be2f0fc-cfa7-4868-bfe5-316beb18de23_1_1772263396818.jpeg"",""https://gbugoqasyfdxpayjtzhm.supabase.co/storage/v1/object/public/item-images/7d6ece0b-53e5-4038-bc72-c27844e9b06d/migrated_5be2f0fc-cfa7-4868-bfe5-316beb18de23_2_1772263396964.jpeg"",""https://gbugoqasyfdxpayjtzhm.supabase.co/storage/v1/object/public/item-images/7d6ece0b-53e5-4038-bc72-c27844e9b06d/migrated_5be2f0fc-cfa7-4868-bfe5-316beb18de23_3_1772263397109.jpeg"",""https://gbugoqasyfdxpayjtzhm.supabase.co/storage/v1/object/public/item-images/7d6ece0b-53e5-4038-bc72-c27844e9b06d/migrated_5be2f0fc-cfa7-4868-bfe5-316beb18de23_4_1772263397248.jpeg"",""https://gbugoqasyfdxpayjtzhm.supabase.co/storage/v1/object/public/item-images/7d6ece0b-53e5-4038-bc72-c27844e9b06d/migrated_5be2f0fc-cfa7-4868-bfe5-316beb18de23_5_1772263397430.jpeg"",""https://gbugoqasyfdxpayjtzhm.supabase.co/storage/v1/object/public/item-images/7d6ece0b-53e5-4038-bc72-c27844e9b06d/migrated_5be2f0fc-cfa7-4868-bfe5-316beb18de23_6_1772263397558.jpeg""]",electronics,active,2026-02-26 10:57:30.984+00,2026-02-26 10:57:31.486148+00,0
663027b7-a7f9-4887-84e7-46a9be3212d1,463cc900-60b0-4187-801c-de61d0591ea8,Office chair,"Premium leather office chair in excellent condition, designed for comfort and style. Features soft padded seating, adjustable height, smooth swivel wheels, and sturdy armrests for full support during long work hours. Durable, easy to clean, and perfect for office or home use.",furniture,like-new,"[""https://gbugoqasyfdxpayjtzhm.supabase.co/storage/v1/object/public/item-images/463cc900-60b0-4187-801c-de61d0591ea8/migrated_663027b7-a7f9-4887-84e7-46a9be3212d1_0_1772264833286.jpeg"",""https://gbugoqasyfdxpayjtzhm.supabase.co/storage/v1/object/public/item-images/463cc900-60b0-4187-801c-de61d0591ea8/migrated_663027b7-a7f9-4887-84e7-46a9be3212d1_1_1772264833434.jpeg"",""https://gbugoqasyfdxpayjtzhm.supabase.co/storage/v1/object/public/item-images/463cc900-60b0-4187-801c-de61d0591ea8/migrated_663027b7-a7f9-4887-84e7-46a9be3212d1_2_1772264833577.jpeg"",""https://gbugoqasyfdxpayjtzhm.supabase.co/storage/v1/object/public/item-images/463cc900-60b0-4187-801c-de61d0591ea8/migrated_663027b7-a7f9-4887-84e7-46a9be3212d1_3_1772264833737.jpeg"",""https://gbugoqasyfdxpayjtzhm.supabase.co/storage/v1/object/public/item-images/463cc900-60b0-4187-801c-de61d0591ea8/migrated_663027b7-a7f9-4887-84e7-46a9be3212d1_4_1772264833874.jpeg"",""https://gbugoqasyfdxpayjtzhm.supabase.co/storage/v1/object/public/item-images/463cc900-60b0-4187-801c-de61d0591ea8/migrated_663027b7-a7f9-4887-84e7-46a9be3212d1_5_1772264834017.jpeg""]",Table,swapped,2026-02-21 17:04:53.511+00,2026-02-21 17:13:30.63793+00,0
6a2a67ed-c6fd-4640-a019-d21e9ab71e16,0e6ed121-6055-465d-99e5-d3580f279c47,Het Mumbai,qwerty,Electronics,new,"[""https://gbugoqasyfdxpayjtzhm.supabase.co/storage/v1/object/public/item-images/0e6ed121-6055-465d-99e5-d3580f279c47/migrated_6a2a67ed-c6fd-4640-a019-d21e9ab71e16_0_1772264826190.jpeg"",""https://gbugoqasyfdxpayjtzhm.supabase.co/storage/v1/object/public/item-images/0e6ed121-6055-465d-99e5-d3580f279c47/migrated_6a2a67ed-c6fd-4640-a019-d21e9ab71e16_1_1772264826565.jpeg"",""https://gbugoqasyfdxpayjtzhm.supabase.co/storage/v1/object/public/item-images/0e6ed121-6055-465d-99e5-d3580f279c47/migrated_6a2a67ed-c6fd-4640-a019-d21e9ab71e16_2_1772264826752.jpeg"",""https://gbugoqasyfdxpayjtzhm.supabase.co/storage/v1/object/public/item-images/0e6ed121-6055-465d-99e5-d3580f279c47/migrated_6a2a67ed-c6fd-4640-a019-d21e9ab71e16_3_1772264826896.jpeg"",""https://gbugoqasyfdxpayjtzhm.supabase.co/storage/v1/object/public/item-images/0e6ed121-6055-465d-99e5-d3580f279c47/migrated_6a2a67ed-c6fd-4640-a019-d21e9ab71e16_4_1772264827063.jpeg"",""https://gbugoqasyfdxpayjtzhm.supabase.co/storage/v1/object/public/item-images/0e6ed121-6055-465d-99e5-d3580f279c47/migrated_6a2a67ed-c6fd-4640-a019-d21e9ab71e16_5_1772264827213.jpeg""]",Jeet Only,swapped,2026-02-20 05:52:20.61+00,2026-02-20 06:24:17.583336+00,0
6aaf6673-c2ee-4335-b4fc-77ac96a1fb9e,0e6ed121-6055-465d-99e5-d3580f279c47,Het,Qwerty demo,Electronics,new,"[""https://gbugoqasyfdxpayjtzhm.supabase.co/storage/v1/object/public/item-images/0e6ed121-6055-465d-99e5-d3580f279c47/migrated_6aaf6673-c2ee-4335-b4fc-77ac96a1fb9e_0_1772263372121.jpeg"",""https://gbugoqasyfdxpayjtzhm.supabase.co/storage/v1/object/public/item-images/0e6ed121-6055-465d-99e5-d3580f279c47/migrated_6aaf6673-c2ee-4335-b4fc-77ac96a1fb9e_1_1772263372271.jpeg"",""https://gbugoqasyfdxpayjtzhm.supabase.co/storage/v1/object/public/item-images/0e6ed121-6055-465d-99e5-d3580f279c47/migrated_6aaf6673-c2ee-4335-b4fc-77ac96a1fb9e_2_1772263372426.jpeg"",""https://gbugoqasyfdxpayjtzhm.supabase.co/storage/v1/object/public/item-images/0e6ed121-6055-465d-99e5-d3580f279c47/migrated_6aaf6673-c2ee-4335-b4fc-77ac96a1fb9e_3_1772263372561.jpeg"",""https://gbugoqasyfdxpayjtzhm.supabase.co/storage/v1/object/public/item-images/0e6ed121-6055-465d-99e5-d3580f279c47/migrated_6aaf6673-c2ee-4335-b4fc-77ac96a1fb9e_4_1772263372705.jpeg"",""https://gbugoqasyfdxpayjtzhm.supabase.co/storage/v1/object/public/item-images/0e6ed121-6055-465d-99e5-d3580f279c47/migrated_6aaf6673-c2ee-4335-b4fc-77ac96a1fb9e_5_1772263372839.jpeg""]",Jeet Only,swapped,2026-02-20 05:44:18.016+00,2026-02-20 05:50:24.299199+00,0
6d08e21a-8fd7-4c57-94d5-b37a58123eda,d47fd090-68c3-4819-b1e3-d880a3c73ec5,Sunglassess,fair,fashion,fair,"[""https://gbugoqasyfdxpayjtzhm.supabase.co/storage/v1/object/public/item-images/d47fd090-68c3-4819-b1e3-d880a3c73ec5/migrated_6d08e21a-8fd7-4c57-94d5-b37a58123eda_0_1772264830219.jpeg"",""https://gbugoqasyfdxpayjtzhm.supabase.co/storage/v1/object/public/item-images/d47fd090-68c3-4819-b1e3-d880a3c73ec5/migrated_6d08e21a-8fd7-4c57-94d5-b37a58123eda_1_1772264830355.jpeg"",""https://gbugoqasyfdxpayjtzhm.supabase.co/storage/v1/object/public/item-images/d47fd090-68c3-4819-b1e3-d880a3c73ec5/migrated_6d08e21a-8fd7-4c57-94d5-b37a58123eda_2_1772264830512.jpeg"",""https://gbugoqasyfdxpayjtzhm.supabase.co/storage/v1/object/public/item-images/d47fd090-68c3-4819-b1e3-d880a3c73ec5/migrated_6d08e21a-8fd7-4c57-94d5-b37a58123eda_3_1772264830670.jpeg"",""https://gbugoqasyfdxpayjtzhm.supabase.co/storage/v1/object/public/item-images/d47fd090-68c3-4819-b1e3-d880a3c73ec5/migrated_6d08e21a-8fd7-4c57-94d5-b37a58123eda_4_1772264830839.jpeg"",""https://gbugoqasyfdxpayjtzhm.supabase.co/storage/v1/object/public/item-images/d47fd090-68c3-4819-b1e3-d880a3c73ec5/migrated_6d08e21a-8fd7-4c57-94d5-b37a58123eda_5_1772264831005.jpeg""]",jacket,swapped,2026-02-21 10:07:41.526+00,2026-02-21 10:11:00.231223+00,0
784eb671-e237-4f89-b949-666c861c758c,490ad589-2cc1-48b4-957b-3bc0e37a4909,Hot Wheels Visa F1 3 combo set,It's a 3 car combo set of hot wheels.,cards_toys,new,"[""https://dealiit.com/api.php/storage/v1/object/public/item-images/490ad589-2cc1-48b4-957b-3bc0e37a4909/1772464359579_0.jpg"",""https://dealiit.com/api.php/storage/v1/object/public/item-images/490ad589-2cc1-48b4-957b-3bc0e37a4909/1772464360529_1.jpg"",""https://dealiit.com/api.php/storage/v1/object/public/item-images/490ad589-2cc1-48b4-957b-3bc0e37a4909/1772464361355_2.jpg""]",cards_toys,active,2026-03-02 15:12:41.809+00,2026-03-02 15:12:43.015388+00,0
78eee6c3-e67b-499f-aa00-ac0407a47e0c,4cb34ed6-3453-4623-a4b1-97ca9dd29191,"Helmet ","3 year old helmet black colour vega company scooty helmet no damage to the foam inside helmet soft foam no wind shield ",Road safety/Moto gears,good,"[""https://gbugoqasyfdxpayjtzhm.supabase.co/storage/v1/object/public/item-images/4cb34ed6-3453-4623-a4b1-97ca9dd29191/migrated_78eee6c3-e67b-499f-aa00-ac0407a47e0c_0_1772264835608.jpeg"",""https://gbugoqasyfdxpayjtzhm.supabase.co/storage/v1/object/public/item-images/4cb34ed6-3453-4623-a4b1-97ca9dd29191/migrated_78eee6c3-e67b-499f-aa00-ac0407a47e0c_1_1772264835745.jpeg"",""https://gbugoqasyfdxpayjtzhm.supabase.co/storage/v1/object/public/item-images/4cb34ed6-3453-4623-a4b1-97ca9dd29191/migrated_78eee6c3-e67b-499f-aa00-ac0407a47e0c_2_1772264835884.jpeg"",""https://gbugoqasyfdxpayjtzhm.supabase.co/storage/v1/object/public/item-images/4cb34ed6-3453-4623-a4b1-97ca9dd29191/migrated_78eee6c3-e67b-499f-aa00-ac0407a47e0c_3_1772264836016.jpeg"",""https://gbugoqasyfdxpayjtzhm.supabase.co/storage/v1/object/public/item-images/4cb34ed6-3453-4623-a4b1-97ca9dd29191/migrated_78eee6c3-e67b-499f-aa00-ac0407a47e0c_4_1772264836147.jpeg"",""https://gbugoqasyfdxpayjtzhm.supabase.co/storage/v1/object/public/item-images/4cb34ed6-3453-4623-a4b1-97ca9dd29191/migrated_78eee6c3-e67b-499f-aa00-ac0407a47e0c_5_1772264836293.jpeg""]",Anything else,active,2026-02-23 14:03:58.467+00,2026-02-23 14:03:59.195209+00,0
7e1d9eb8-e234-4cbb-9f97-5c6977a6caf3,a724fa6f-063a-4ef4-b972-e4ee72d79147,"coffee table ",marble material table quality top notch looks new it was bought for 10k,"furniture ",new,"[""https://gbugoqasyfdxpayjtzhm.supabase.co/storage/v1/object/public/item-images/a724fa6f-063a-4ef4-b972-e4ee72d79147/migrated_7e1d9eb8-e234-4cbb-9f97-5c6977a6caf3_0_1772263350030.jpeg"",""https://gbugoqasyfdxpayjtzhm.supabase.co/storage/v1/object/public/item-images/a724fa6f-063a-4ef4-b972-e4ee72d79147/migrated_7e1d9eb8-e234-4cbb-9f97-5c6977a6caf3_1_1772263350199.jpeg"",""https://gbugoqasyfdxpayjtzhm.supabase.co/storage/v1/object/public/item-images/a724fa6f-063a-4ef4-b972-e4ee72d79147/migrated_7e1d9eb8-e234-4cbb-9f97-5c6977a6caf3_2_1772263350355.jpeg"",""https://gbugoqasyfdxpayjtzhm.supabase.co/storage/v1/object/public/item-images/a724fa6f-063a-4ef4-b972-e4ee72d79147/migrated_7e1d9eb8-e234-4cbb-9f97-5c6977a6caf3_3_1772263350510.jpeg"",""https://gbugoqasyfdxpayjtzhm.supabase.co/storage/v1/object/public/item-images/a724fa6f-063a-4ef4-b972-e4ee72d79147/migrated_7e1d9eb8-e234-4cbb-9f97-5c6977a6caf3_4_1772263350690.jpeg"",""https://gbugoqasyfdxpayjtzhm.supabase.co/storage/v1/object/public/item-images/a724fa6f-063a-4ef4-b972-e4ee72d79147/migrated_7e1d9eb8-e234-4cbb-9f97-5c6977a6caf3_5_1772263350839.jpeg""]","anything else ",active,2026-02-23 10:19:14.496+00,2026-02-23 10:19:15.387779+00,0
7ed81db9-f691-48d4-82ad-e4e9fda7865f,a724fa6f-063a-4ef4-b972-e4ee72d79147,"standing mirror ",brand new condition bought just a month ago from ikea 10/10 quality,home decor,new,"[""https://gbugoqasyfdxpayjtzhm.supabase.co/storage/v1/object/public/item-images/a724fa6f-063a-4ef4-b972-e4ee72d79147/migrated_7ed81db9-f691-48d4-82ad-e4e9fda7865f_0_1772263349060.jpeg"",""https://gbugoqasyfdxpayjtzhm.supabase.co/storage/v1/object/public/item-images/a724fa6f-063a-4ef4-b972-e4ee72d79147/migrated_7ed81db9-f691-48d4-82ad-e4e9fda7865f_1_1772263349244.jpeg"",""https://gbugoqasyfdxpayjtzhm.supabase.co/storage/v1/object/public/item-images/a724fa6f-063a-4ef4-b972-e4ee72d79147/migrated_7ed81db9-f691-48d4-82ad-e4e9fda7865f_2_1772263349383.jpeg"",""https://gbugoqasyfdxpayjtzhm.supabase.co/storage/v1/object/public/item-images/a724fa6f-063a-4ef4-b972-e4ee72d79147/migrated_7ed81db9-f691-48d4-82ad-e4e9fda7865f_3_1772263349534.jpeg"",""https://gbugoqasyfdxpayjtzhm.supabase.co/storage/v1/object/public/item-images/a724fa6f-063a-4ef4-b972-e4ee72d79147/migrated_7ed81db9-f691-48d4-82ad-e4e9fda7865f_4_1772263349670.jpeg"",""https://gbugoqasyfdxpayjtzhm.supabase.co/storage/v1/object/public/item-images/a724fa6f-063a-4ef4-b972-e4ee72d79147/migrated_7ed81db9-f691-48d4-82ad-e4e9fda7865f_5_1772263349820.jpeg""]","anything else ",active,2026-02-23 10:17:41.627+00,2026-02-23 10:17:43.598276+00,0
88c38f70-6146-481d-943e-eac1d67eb46a,5b09e767-3239-475b-813c-62c9168be3e3,Mohit,Bad,Dog,fair,"[""https://gbugoqasyfdxpayjtzhm.supabase.co/storage/v1/object/public/item-images/5b09e767-3239-475b-813c-62c9168be3e3/migrated_88c38f70-6146-481d-943e-eac1d67eb46a_0_1772263384899.jpeg"",""https://gbugoqasyfdxpayjtzhm.supabase.co/storage/v1/object/public/item-images/5b09e767-3239-475b-813c-62c9168be3e3/migrated_88c38f70-6146-481d-943e-eac1d67eb46a_1_1772263385031.jpeg"",""https://gbugoqasyfdxpayjtzhm.supabase.co/storage/v1/object/public/item-images/5b09e767-3239-475b-813c-62c9168be3e3/migrated_88c38f70-6146-481d-943e-eac1d67eb46a_2_1772263385179.jpeg"",""https://gbugoqasyfdxpayjtzhm.supabase.co/storage/v1/object/public/item-images/5b09e767-3239-475b-813c-62c9168be3e3/migrated_88c38f70-6146-481d-943e-eac1d67eb46a_3_1772263385333.jpeg"",""https://gbugoqasyfdxpayjtzhm.supabase.co/storage/v1/object/public/item-images/5b09e767-3239-475b-813c-62c9168be3e3/migrated_88c38f70-6146-481d-943e-eac1d67eb46a_4_1772263385494.jpeg"",""https://gbugoqasyfdxpayjtzhm.supabase.co/storage/v1/object/public/item-images/5b09e767-3239-475b-813c-62c9168be3e3/migrated_88c38f70-6146-481d-943e-eac1d67eb46a_5_1772263385645.jpeg""]",Car,swapped,2026-02-21 18:39:53.673+00,2026-02-21 18:42:52.733255+00,0
88ff665a-a579-4f3d-a094-4816a4967f69,a724fa6f-063a-4ef4-b972-e4ee72d79147,tv,akai tv condition good,"electronics ",new,"[""https://gbugoqasyfdxpayjtzhm.supabase.co/storage/v1/object/public/item-images/a724fa6f-063a-4ef4-b972-e4ee72d79147/migrated_88ff665a-a579-4f3d-a094-4816a4967f69_0_1772263376813.jpeg"",""https://gbugoqasyfdxpayjtzhm.supabase.co/storage/v1/object/public/item-images/a724fa6f-063a-4ef4-b972-e4ee72d79147/migrated_88ff665a-a579-4f3d-a094-4816a4967f69_1_1772263376962.jpeg"",""https://gbugoqasyfdxpayjtzhm.supabase.co/storage/v1/object/public/item-images/a724fa6f-063a-4ef4-b972-e4ee72d79147/migrated_88ff665a-a579-4f3d-a094-4816a4967f69_2_1772263377111.jpeg"",""https://gbugoqasyfdxpayjtzhm.supabase.co/storage/v1/object/public/item-images/a724fa6f-063a-4ef4-b972-e4ee72d79147/migrated_88ff665a-a579-4f3d-a094-4816a4967f69_3_1772263377270.jpeg"",""https://gbugoqasyfdxpayjtzhm.supabase.co/storage/v1/object/public/item-images/a724fa6f-063a-4ef4-b972-e4ee72d79147/migrated_88ff665a-a579-4f3d-a094-4816a4967f69_4_1772263377445.jpeg"",""https://gbugoqasyfdxpayjtzhm.supabase.co/storage/v1/object/public/item-images/a724fa6f-063a-4ef4-b972-e4ee72d79147/migrated_88ff665a-a579-4f3d-a094-4816a4967f69_5_1772263377605.jpeg""]",sofa,swapped,2026-02-21 09:27:36.74+00,2026-02-21 09:33:00.265369+00,0
89bba638-b67f-4fa1-a246-cc65ae0559a8,5b09e767-3239-475b-813c-62c9168be3e3,Gaming chair,Good quality New bought for 10k,home_living,good,"[""https://gbugoqasyfdxpayjtzhm.supabase.co/storage/v1/object/public/item-images/5b09e767-3239-475b-813c-62c9168be3e3/migrated_89bba638-b67f-4fa1-a246-cc65ae0559a8_0_1772264837468.jpeg"",""https://gbugoqasyfdxpayjtzhm.supabase.co/storage/v1/object/public/item-images/5b09e767-3239-475b-813c-62c9168be3e3/migrated_89bba638-b67f-4fa1-a246-cc65ae0559a8_1_1772264837598.jpeg"",""https://gbugoqasyfdxpayjtzhm.supabase.co/storage/v1/object/public/item-images/5b09e767-3239-475b-813c-62c9168be3e3/migrated_89bba638-b67f-4fa1-a246-cc65ae0559a8_2_1772264837761.jpeg"",""https://gbugoqasyfdxpayjtzhm.supabase.co/storage/v1/object/public/item-images/5b09e767-3239-475b-813c-62c9168be3e3/migrated_89bba638-b67f-4fa1-a246-cc65ae0559a8_3_1772264837886.jpeg"",""https://gbugoqasyfdxpayjtzhm.supabase.co/storage/v1/object/public/item-images/5b09e767-3239-475b-813c-62c9168be3e3/migrated_89bba638-b67f-4fa1-a246-cc65ae0559a8_4_1772264838045.jpeg"",""https://gbugoqasyfdxpayjtzhm.supabase.co/storage/v1/object/public/item-images/5b09e767-3239-475b-813c-62c9168be3e3/migrated_89bba638-b67f-4fa1-a246-cc65ae0559a8_5_1772264838181.jpeg""]",home_living,active,2026-02-24 12:46:21.275+00,2026-02-24 12:46:22.296093+00,0
8a2a88f7-0ae0-4397-8d62-2853e7ef5a50,a724fa6f-063a-4ef4-b972-e4ee72d79147,jacket,good condition og price 4000 zara jacket,fashion,like-new,"[""https://gbugoqasyfdxpayjtzhm.supabase.co/storage/v1/object/public/item-images/a724fa6f-063a-4ef4-b972-e4ee72d79147/migrated_8a2a88f7-0ae0-4397-8d62-2853e7ef5a50_0_1772263352246.jpeg"",""https://gbugoqasyfdxpayjtzhm.supabase.co/storage/v1/object/public/item-images/a724fa6f-063a-4ef4-b972-e4ee72d79147/migrated_8a2a88f7-0ae0-4397-8d62-2853e7ef5a50_1_1772263352399.jpeg"",""https://gbugoqasyfdxpayjtzhm.supabase.co/storage/v1/object/public/item-images/a724fa6f-063a-4ef4-b972-e4ee72d79147/migrated_8a2a88f7-0ae0-4397-8d62-2853e7ef5a50_2_1772263352549.jpeg"",""https://gbugoqasyfdxpayjtzhm.supabase.co/storage/v1/object/public/item-images/a724fa6f-063a-4ef4-b972-e4ee72d79147/migrated_8a2a88f7-0ae0-4397-8d62-2853e7ef5a50_3_1772263353018.jpeg"",""https://gbugoqasyfdxpayjtzhm.supabase.co/storage/v1/object/public/item-images/a724fa6f-063a-4ef4-b972-e4ee72d79147/migrated_8a2a88f7-0ae0-4397-8d62-2853e7ef5a50_4_1772263353183.jpeg"",""https://gbugoqasyfdxpayjtzhm.supabase.co/storage/v1/object/public/item-images/a724fa6f-063a-4ef4-b972-e4ee72d79147/migrated_8a2a88f7-0ae0-4397-8d62-2853e7ef5a50_5_1772263353335.jpeg""]","anything else ",active,2026-02-22 09:42:07.329+00,2026-02-22 09:42:07.629112+00,0
8ce0d494-b78f-4457-a760-7ec95ce783e8,5990a8cf-0c1e-4e0b-a103-a54577d79fc4,"Test ","This is a test from dev side ",others,fair,"[""https://dealiit.com/api.php/storage/v1/object/public/item-images/5990a8cf-0c1e-4e0b-a103-a54577d79fc4/1772348154234_0.jpg"",""https://dealiit.com/api.php/storage/v1/object/public/item-images/5990a8cf-0c1e-4e0b-a103-a54577d79fc4/1772348154477_1.jpg"",""https://dealiit.com/api.php/storage/v1/object/public/item-images/5990a8cf-0c1e-4e0b-a103-a54577d79fc4/1772348154914_2.jpg"",""https://dealiit.com/api.php/storage/v1/object/public/item-images/5990a8cf-0c1e-4e0b-a103-a54577d79fc4/1772348155150_3.jpg"",""https://dealiit.com/api.php/storage/v1/object/public/item-images/5990a8cf-0c1e-4e0b-a103-a54577d79fc4/1772348155326_4.jpg"",""https://dealiit.com/api.php/storage/v1/object/public/item-images/5990a8cf-0c1e-4e0b-a103-a54577d79fc4/1772348155531_5.jpg""]",others,active,2026-03-01 06:55:55.837+00,2026-03-01 06:55:55.943829+00,0
8dccac1d-5c5d-4b98-9817-3a2088c7f2d8,f798a92e-9d37-4d81-8ad1-6560668dcab5,"Fastrack watch ","Fastrack watch , only some strach on glass ",cards_toys,good,"[""https://dealiit.com/api.php/storage/v1/object/public/item-images/f798a92e-9d37-4d81-8ad1-6560668dcab5/1772386330991_0.jpg"",""https://dealiit.com/api.php/storage/v1/object/public/item-images/f798a92e-9d37-4d81-8ad1-6560668dcab5/1772386331651_1.jpg"",""https://dealiit.com/api.php/storage/v1/object/public/item-images/f798a92e-9d37-4d81-8ad1-6560668dcab5/1772386332040_2.jpg""]",cards_toys,active,2026-03-01 17:32:12.42+00,2026-03-01 17:32:11.99975+00,0
93835e0c-3f38-4817-ac92-86e5f58809e9,5990a8cf-0c1e-4e0b-a103-a54577d79fc4,Karad Gutter,vcwdvghd,cwcdw,like-new,"[""https://gbugoqasyfdxpayjtzhm.supabase.co/storage/v1/object/public/item-images/5990a8cf-0c1e-4e0b-a103-a54577d79fc4/migrated_93835e0c-3f38-4817-ac92-86e5f58809e9_0_1772264827531.jpeg"",""https://gbugoqasyfdxpayjtzhm.supabase.co/storage/v1/object/public/item-images/5990a8cf-0c1e-4e0b-a103-a54577d79fc4/migrated_93835e0c-3f38-4817-ac92-86e5f58809e9_1_1772264827792.jpeg"",""https://gbugoqasyfdxpayjtzhm.supabase.co/storage/v1/object/public/item-images/5990a8cf-0c1e-4e0b-a103-a54577d79fc4/migrated_93835e0c-3f38-4817-ac92-86e5f58809e9_2_1772264827955.jpeg"",""https://gbugoqasyfdxpayjtzhm.supabase.co/storage/v1/object/public/item-images/5990a8cf-0c1e-4e0b-a103-a54577d79fc4/migrated_93835e0c-3f38-4817-ac92-86e5f58809e9_3_1772264828138.jpeg"",""https://gbugoqasyfdxpayjtzhm.supabase.co/storage/v1/object/public/item-images/5990a8cf-0c1e-4e0b-a103-a54577d79fc4/migrated_93835e0c-3f38-4817-ac92-86e5f58809e9_4_1772264828310.jpeg"",""https://gbugoqasyfdxpayjtzhm.supabase.co/storage/v1/object/public/item-images/5990a8cf-0c1e-4e0b-a103-a54577d79fc4/migrated_93835e0c-3f38-4817-ac92-86e5f58809e9_5_1772264828460.jpeg""]",wee,swapped,2026-02-20 06:56:54.549+00,2026-02-20 07:09:27.366229+00,0
93db4a45-7560-43c5-9112-a4ba846870fe,2da16d6a-772d-421d-9116-cbd5742e43da,"Sreemad Bhagwatham ","Malyalam edition book.
Pages are  in good condition just binding is required the book contains only shlokas no meaning ",books_media_stationery,good,"[""https://dealiit.com/api.php/storage/v1/object/public/item-images/2da16d6a-772d-421d-9116-cbd5742e43da/1773160393528_0.jpg"",""https://dealiit.com/api.php/storage/v1/object/public/item-images/2da16d6a-772d-421d-9116-cbd5742e43da/1773160394098_1.jpg"",""https://dealiit.com/api.php/storage/v1/object/public/item-images/2da16d6a-772d-421d-9116-cbd5742e43da/1773160394336_2.jpg"",""https://dealiit.com/api.php/storage/v1/object/public/item-images/2da16d6a-772d-421d-9116-cbd5742e43da/1773160394653_3.jpg""]",others,active,2026-03-10 16:33:15.194+00,2026-03-10 16:33:15.315132+00,0
95ad939f-34b7-4c6d-b532-64ca5ef3e804,5990a8cf-0c1e-4e0b-a103-a54577d79fc4,Veg 69,18+,adult,new,"[""https://gbugoqasyfdxpayjtzhm.supabase.co/storage/v1/object/public/item-images/5990a8cf-0c1e-4e0b-a103-a54577d79fc4/migrated_95ad939f-34b7-4c6d-b532-64ca5ef3e804_0_1772264913928.jpeg"",""https://gbugoqasyfdxpayjtzhm.supabase.co/storage/v1/object/public/item-images/5990a8cf-0c1e-4e0b-a103-a54577d79fc4/migrated_95ad939f-34b7-4c6d-b532-64ca5ef3e804_1_1772264914141.jpeg"",""https://gbugoqasyfdxpayjtzhm.supabase.co/storage/v1/object/public/item-images/5990a8cf-0c1e-4e0b-a103-a54577d79fc4/migrated_95ad939f-34b7-4c6d-b532-64ca5ef3e804_2_1772264914287.jpeg"",""https://gbugoqasyfdxpayjtzhm.supabase.co/storage/v1/object/public/item-images/5990a8cf-0c1e-4e0b-a103-a54577d79fc4/migrated_95ad939f-34b7-4c6d-b532-64ca5ef3e804_3_1772264914444.jpeg"",""https://gbugoqasyfdxpayjtzhm.supabase.co/storage/v1/object/public/item-images/5990a8cf-0c1e-4e0b-a103-a54577d79fc4/migrated_95ad939f-34b7-4c6d-b532-64ca5ef3e804_4_1772264914740.jpeg"",""https://gbugoqasyfdxpayjtzhm.supabase.co/storage/v1/object/public/item-images/5990a8cf-0c1e-4e0b-a103-a54577d79fc4/migrated_95ad939f-34b7-4c6d-b532-64ca5ef3e804_5_1772264914900.jpeg""]",Kidney,swapped,2026-02-20 14:40:41.348+00,2026-02-20 14:44:04.120975+00,0
9716358a-3167-4d4d-89e7-e4fe21ceb147,ec2cce58-84e9-495e-b11f-da5381e1f9ab,"Fragnance world aqua pura ",I want a perfume decants in swap,others,good,"[""https://dealiit.com/api.php/storage/v1/object/public/item-images/ec2cce58-84e9-495e-b11f-da5381e1f9ab/1774257369228_0.jpg"",""https://dealiit.com/api.php/storage/v1/object/public/item-images/ec2cce58-84e9-495e-b11f-da5381e1f9ab/1774257370766_1.jpg"",""https://dealiit.com/api.php/storage/v1/object/public/item-images/ec2cce58-84e9-495e-b11f-da5381e1f9ab/1774257371580_2.jpg""]",fashion_accessories,active,2026-03-23 09:16:12.333+00,2026-03-23 09:16:12.458356+00,0
9732a56a-d9a6-473e-b34c-a18e82065f50,0e6ed121-6055-465d-99e5-d3580f279c47,Het in mumbai,qwerty,Electronics,like-new,"[""https://gbugoqasyfdxpayjtzhm.supabase.co/storage/v1/object/public/item-images/0e6ed121-6055-465d-99e5-d3580f279c47/migrated_9732a56a-d9a6-473e-b34c-a18e82065f50_0_1772264828766.jpeg"",""https://gbugoqasyfdxpayjtzhm.supabase.co/storage/v1/object/public/item-images/0e6ed121-6055-465d-99e5-d3580f279c47/migrated_9732a56a-d9a6-473e-b34c-a18e82065f50_1_1772264828990.jpeg"",""https://gbugoqasyfdxpayjtzhm.supabase.co/storage/v1/object/public/item-images/0e6ed121-6055-465d-99e5-d3580f279c47/migrated_9732a56a-d9a6-473e-b34c-a18e82065f50_2_1772264829149.jpeg"",""https://gbugoqasyfdxpayjtzhm.supabase.co/storage/v1/object/public/item-images/0e6ed121-6055-465d-99e5-d3580f279c47/migrated_9732a56a-d9a6-473e-b34c-a18e82065f50_3_1772264829285.jpeg"",""https://gbugoqasyfdxpayjtzhm.supabase.co/storage/v1/object/public/item-images/0e6ed121-6055-465d-99e5-d3580f279c47/migrated_9732a56a-d9a6-473e-b34c-a18e82065f50_4_1772264829438.jpeg"",""https://gbugoqasyfdxpayjtzhm.supabase.co/storage/v1/object/public/item-images/0e6ed121-6055-465d-99e5-d3580f279c47/migrated_9732a56a-d9a6-473e-b34c-a18e82065f50_5_1772264829570.jpeg""]",Iphone Model Only,swapped,2026-02-20 14:39:50.981+00,2026-02-20 14:44:04.120975+00,0
9857a6a3-87de-4e0a-9e4e-0b65cf8c5628,dae7c201-35f8-430f-8c7a-b92ce9e3d030,Boat airpods,"Airpods 91 prime ",electronics,new,"[""https://dealiit.com/api.php/storage/v1/object/public/item-images/dae7c201-35f8-430f-8c7a-b92ce9e3d030/1772551800986_0.jpg"",""https://dealiit.com/api.php/storage/v1/object/public/item-images/dae7c201-35f8-430f-8c7a-b92ce9e3d030/1772551801634_1.jpg"",""https://dealiit.com/api.php/storage/v1/object/public/item-images/dae7c201-35f8-430f-8c7a-b92ce9e3d030/1772551802628_2.jpg"",""https://dealiit.com/api.php/storage/v1/object/public/item-images/dae7c201-35f8-430f-8c7a-b92ce9e3d030/1772551803723_3.jpg"",""https://dealiit.com/api.php/storage/v1/object/public/item-images/dae7c201-35f8-430f-8c7a-b92ce9e3d030/1772551804041_4.jpg"",""https://dealiit.com/api.php/storage/v1/object/public/item-images/dae7c201-35f8-430f-8c7a-b92ce9e3d030/1772551804352_5.jpg""]",sports_fitness,active,2026-03-03 15:30:04.719+00,2026-03-03 15:30:04.82346+00,0
a7994be3-6556-4e9d-8a7c-8332a8195b7b,cf5856b7-d0a1-4cb5-8bfd-5b20aee0f1f7,High Ankle puma Shoes,"Og shoe puma, soft foam, 1.5 years old Size uk10","Fashion ",good,"[""https://gbugoqasyfdxpayjtzhm.supabase.co/storage/v1/object/public/item-images/cf5856b7-d0a1-4cb5-8bfd-5b20aee0f1f7/migrated_a7994be3-6556-4e9d-8a7c-8332a8195b7b_0_1772263398709.jpeg"",""https://gbugoqasyfdxpayjtzhm.supabase.co/storage/v1/object/public/item-images/cf5856b7-d0a1-4cb5-8bfd-5b20aee0f1f7/migrated_a7994be3-6556-4e9d-8a7c-8332a8195b7b_1_1772263398852.jpeg"",""https://gbugoqasyfdxpayjtzhm.supabase.co/storage/v1/object/public/item-images/cf5856b7-d0a1-4cb5-8bfd-5b20aee0f1f7/migrated_a7994be3-6556-4e9d-8a7c-8332a8195b7b_2_1772263399026.jpeg"",""https://gbugoqasyfdxpayjtzhm.supabase.co/storage/v1/object/public/item-images/cf5856b7-d0a1-4cb5-8bfd-5b20aee0f1f7/migrated_a7994be3-6556-4e9d-8a7c-8332a8195b7b_3_1772263399171.jpeg"",""https://gbugoqasyfdxpayjtzhm.supabase.co/storage/v1/object/public/item-images/cf5856b7-d0a1-4cb5-8bfd-5b20aee0f1f7/migrated_a7994be3-6556-4e9d-8a7c-8332a8195b7b_4_1772263399315.jpeg"",""https://gbugoqasyfdxpayjtzhm.supabase.co/storage/v1/object/public/item-images/cf5856b7-d0a1-4cb5-8bfd-5b20aee0f1f7/migrated_a7994be3-6556-4e9d-8a7c-8332a8195b7b_5_1772263399466.jpeg"",""https://gbugoqasyfdxpayjtzhm.supabase.co/storage/v1/object/public/item-images/cf5856b7-d0a1-4cb5-8bfd-5b20aee0f1f7/migrated_a7994be3-6556-4e9d-8a7c-8332a8195b7b_6_1772263399598.jpeg"",""https://gbugoqasyfdxpayjtzhm.supabase.co/storage/v1/object/public/item-images/cf5856b7-d0a1-4cb5-8bfd-5b20aee0f1f7/migrated_a7994be3-6556-4e9d-8a7c-8332a8195b7b_7_1772263399759.jpeg""]","Footwear/sports equipment ",swapped,2026-02-23 13:52:50.142+00,2026-02-27 18:08:04.553315+00,0
a8f84969-4973-481d-b27c-ff070081fcbe,140e5cfc-2aa1-4a03-9da7-6567778bbb89,Car,Good,Vehicle,like-new,"[""https://gbugoqasyfdxpayjtzhm.supabase.co/storage/v1/object/public/item-images/140e5cfc-2aa1-4a03-9da7-6567778bbb89/migrated_a8f84969-4973-481d-b27c-ff070081fcbe_0_1772264832301.jpeg"",""https://gbugoqasyfdxpayjtzhm.supabase.co/storage/v1/object/public/item-images/140e5cfc-2aa1-4a03-9da7-6567778bbb89/migrated_a8f84969-4973-481d-b27c-ff070081fcbe_1_1772264832413.jpeg"",""https://gbugoqasyfdxpayjtzhm.supabase.co/storage/v1/object/public/item-images/140e5cfc-2aa1-4a03-9da7-6567778bbb89/migrated_a8f84969-4973-481d-b27c-ff070081fcbe_2_1772264832572.jpeg"",""https://gbugoqasyfdxpayjtzhm.supabase.co/storage/v1/object/public/item-images/140e5cfc-2aa1-4a03-9da7-6567778bbb89/migrated_a8f84969-4973-481d-b27c-ff070081fcbe_3_1772264832741.jpeg"",""https://gbugoqasyfdxpayjtzhm.supabase.co/storage/v1/object/public/item-images/140e5cfc-2aa1-4a03-9da7-6567778bbb89/migrated_a8f84969-4973-481d-b27c-ff070081fcbe_4_1772264832900.jpeg"",""https://gbugoqasyfdxpayjtzhm.supabase.co/storage/v1/object/public/item-images/140e5cfc-2aa1-4a03-9da7-6567778bbb89/migrated_a8f84969-4973-481d-b27c-ff070081fcbe_5_1772264833036.jpeg""]",Bike,swapped,2026-02-21 19:24:18.507+00,2026-02-21 19:26:34.777483+00,0
a9d3883e-2980-46be-a989-20bd4b5949af,a724fa6f-063a-4ef4-b972-e4ee72d79147,"standing mirror ",brand new condition bought just a month ago from ikea 10/10 quality,home decor,new,"[""https://gbugoqasyfdxpayjtzhm.supabase.co/storage/v1/object/public/item-images/a724fa6f-063a-4ef4-b972-e4ee72d79147/migrated_a9d3883e-2980-46be-a989-20bd4b5949af_0_1772263348161.jpeg"",""https://gbugoqasyfdxpayjtzhm.supabase.co/storage/v1/object/public/item-images/a724fa6f-063a-4ef4-b972-e4ee72d79147/migrated_a9d3883e-2980-46be-a989-20bd4b5949af_1_1772263348311.jpeg"",""https://gbugoqasyfdxpayjtzhm.supabase.co/storage/v1/object/public/item-images/a724fa6f-063a-4ef4-b972-e4ee72d79147/migrated_a9d3883e-2980-46be-a989-20bd4b5949af_2_1772263348453.jpeg"",""https://gbugoqasyfdxpayjtzhm.supabase.co/storage/v1/object/public/item-images/a724fa6f-063a-4ef4-b972-e4ee72d79147/migrated_a9d3883e-2980-46be-a989-20bd4b5949af_3_1772263348584.jpeg"",""https://gbugoqasyfdxpayjtzhm.supabase.co/storage/v1/object/public/item-images/a724fa6f-063a-4ef4-b972-e4ee72d79147/migrated_a9d3883e-2980-46be-a989-20bd4b5949af_4_1772263348720.jpeg"",""https://gbugoqasyfdxpayjtzhm.supabase.co/storage/v1/object/public/item-images/a724fa6f-063a-4ef4-b972-e4ee72d79147/migrated_a9d3883e-2980-46be-a989-20bd4b5949af_5_1772263348854.jpeg""]","anything else ",active,2026-02-23 10:17:42.074+00,2026-02-23 10:17:43.258665+00,0
abd7104e-dfa2-4ceb-86ee-c58a6c2a7895,70adc4d7-0865-49fd-bf17-64967e280fa3,Sony dsc wx 500 camera,"Vlogging camera goo condition bought for 21k ","Camera electronics ",good,"[""https://gbugoqasyfdxpayjtzhm.supabase.co/storage/v1/object/public/item-images/70adc4d7-0865-49fd-bf17-64967e280fa3/migrated_abd7104e-dfa2-4ceb-86ee-c58a6c2a7895_0_1772263388218.jpeg"",""https://gbugoqasyfdxpayjtzhm.supabase.co/storage/v1/object/public/item-images/70adc4d7-0865-49fd-bf17-64967e280fa3/migrated_abd7104e-dfa2-4ceb-86ee-c58a6c2a7895_1_1772263388353.jpeg"",""https://gbugoqasyfdxpayjtzhm.supabase.co/storage/v1/object/public/item-images/70adc4d7-0865-49fd-bf17-64967e280fa3/migrated_abd7104e-dfa2-4ceb-86ee-c58a6c2a7895_2_1772263388498.jpeg"",""https://gbugoqasyfdxpayjtzhm.supabase.co/storage/v1/object/public/item-images/70adc4d7-0865-49fd-bf17-64967e280fa3/migrated_abd7104e-dfa2-4ceb-86ee-c58a6c2a7895_3_1772263388618.jpeg"",""https://gbugoqasyfdxpayjtzhm.supabase.co/storage/v1/object/public/item-images/70adc4d7-0865-49fd-bf17-64967e280fa3/migrated_abd7104e-dfa2-4ceb-86ee-c58a6c2a7895_4_1772263388745.jpeg"",""https://gbugoqasyfdxpayjtzhm.supabase.co/storage/v1/object/public/item-images/70adc4d7-0865-49fd-bf17-64967e280fa3/migrated_abd7104e-dfa2-4ceb-86ee-c58a6c2a7895_5_1772263388886.jpeg""]",Dk,active,2026-02-22 12:36:45.801+00,2026-02-22 12:36:46.181271+00,0
ad95a06b-3092-49b2-8280-dba4a654bdca,89352216-243a-4ca6-966d-8aa37605f379,Cajon (Clapbox),Percussion instrument for the new age. Mint condition. Comes with adjustable snare.,hobbies_crafts,new,"[""https://dealiit.com/api.php/storage/v1/object/public/item-images/89352216-243a-4ca6-966d-8aa37605f379/1773375248335_0.jpg"",""https://dealiit.com/api.php/storage/v1/object/public/item-images/89352216-243a-4ca6-966d-8aa37605f379/1773375248781_1.jpg"",""https://dealiit.com/api.php/storage/v1/object/public/item-images/89352216-243a-4ca6-966d-8aa37605f379/1773375249437_2.jpg""]",home_living,active,2026-03-13 04:14:09.657+00,2026-03-13 04:14:10.064615+00,0
b52ba40a-86e0-417d-a0b0-c965c0c67d27,69f721a3-10f0-49ee-944d-821c53a6c308,canvas wall painting,very new looks fine makes the room better,paint,new,"[""https://gbugoqasyfdxpayjtzhm.supabase.co/storage/v1/object/public/item-images/69f721a3-10f0-49ee-944d-821c53a6c308/migrated_b52ba40a-86e0-417d-a0b0-c965c0c67d27_0_1772264834264.jpeg"",""https://gbugoqasyfdxpayjtzhm.supabase.co/storage/v1/object/public/item-images/69f721a3-10f0-49ee-944d-821c53a6c308/migrated_b52ba40a-86e0-417d-a0b0-c965c0c67d27_1_1772264834429.jpeg"",""https://gbugoqasyfdxpayjtzhm.supabase.co/storage/v1/object/public/item-images/69f721a3-10f0-49ee-944d-821c53a6c308/migrated_b52ba40a-86e0-417d-a0b0-c965c0c67d27_2_1772264834588.jpeg"",""https://gbugoqasyfdxpayjtzhm.supabase.co/storage/v1/object/public/item-images/69f721a3-10f0-49ee-944d-821c53a6c308/migrated_b52ba40a-86e0-417d-a0b0-c965c0c67d27_3_1772264834735.jpeg"",""https://gbugoqasyfdxpayjtzhm.supabase.co/storage/v1/object/public/item-images/69f721a3-10f0-49ee-944d-821c53a6c308/migrated_b52ba40a-86e0-417d-a0b0-c965c0c67d27_4_1772264834892.jpeg"",""https://gbugoqasyfdxpayjtzhm.supabase.co/storage/v1/object/public/item-images/69f721a3-10f0-49ee-944d-821c53a6c308/migrated_b52ba40a-86e0-417d-a0b0-c965c0c67d27_5_1772264835031.jpeg""]","anything ",active,2026-02-22 12:46:30.781+00,2026-02-22 12:46:31.066646+00,0
bc7f40c5-f9d8-46a9-8fa7-654a7fc8b48f,0e6ed121-6055-465d-99e5-d3580f279c47,Iphone,Demo,electronics,new,"[""https://gbugoqasyfdxpayjtzhm.supabase.co/storage/v1/object/public/item-images/0e6ed121-6055-465d-99e5-d3580f279c47/migrated_bc7f40c5-f9d8-46a9-8fa7-654a7fc8b48f_0_1772263368055.png"",""https://gbugoqasyfdxpayjtzhm.supabase.co/storage/v1/object/public/item-images/0e6ed121-6055-465d-99e5-d3580f279c47/migrated_bc7f40c5-f9d8-46a9-8fa7-654a7fc8b48f_1_1772263368575.png"",""https://gbugoqasyfdxpayjtzhm.supabase.co/storage/v1/object/public/item-images/0e6ed121-6055-465d-99e5-d3580f279c47/migrated_bc7f40c5-f9d8-46a9-8fa7-654a7fc8b48f_2_1772263369059.png"",""https://gbugoqasyfdxpayjtzhm.supabase.co/storage/v1/object/public/item-images/0e6ed121-6055-465d-99e5-d3580f279c47/migrated_bc7f40c5-f9d8-46a9-8fa7-654a7fc8b48f_3_1772263369339.png"",""https://gbugoqasyfdxpayjtzhm.supabase.co/storage/v1/object/public/item-images/0e6ed121-6055-465d-99e5-d3580f279c47/migrated_bc7f40c5-f9d8-46a9-8fa7-654a7fc8b48f_4_1772263369600.png"",""https://gbugoqasyfdxpayjtzhm.supabase.co/storage/v1/object/public/item-images/0e6ed121-6055-465d-99e5-d3580f279c47/migrated_bc7f40c5-f9d8-46a9-8fa7-654a7fc8b48f_5_1772263369899.png""]",Iphone model only,swapped,2026-02-19 08:05:57.782+00,2026-02-19 14:11:11.92619+00,0
bd000bba-1d57-42c5-a5f6-c1ef042fa346,a724fa6f-063a-4ef4-b972-e4ee72d79147,"jacket ","mid condition zara jacket worn only twice price when bought was 4000rs ",fashion,good,"[""https://gbugoqasyfdxpayjtzhm.supabase.co/storage/v1/object/public/item-images/a724fa6f-063a-4ef4-b972-e4ee72d79147/migrated_bd000bba-1d57-42c5-a5f6-c1ef042fa346_0_1772263386887.jpeg"",""https://gbugoqasyfdxpayjtzhm.supabase.co/storage/v1/object/public/item-images/a724fa6f-063a-4ef4-b972-e4ee72d79147/migrated_bd000bba-1d57-42c5-a5f6-c1ef042fa346_1_1772263387372.jpeg"",""https://gbugoqasyfdxpayjtzhm.supabase.co/storage/v1/object/public/item-images/a724fa6f-063a-4ef4-b972-e4ee72d79147/migrated_bd000bba-1d57-42c5-a5f6-c1ef042fa346_2_1772263387526.jpeg"",""https://gbugoqasyfdxpayjtzhm.supabase.co/storage/v1/object/public/item-images/a724fa6f-063a-4ef4-b972-e4ee72d79147/migrated_bd000bba-1d57-42c5-a5f6-c1ef042fa346_3_1772263387675.jpeg"",""https://gbugoqasyfdxpayjtzhm.supabase.co/storage/v1/object/public/item-images/a724fa6f-063a-4ef4-b972-e4ee72d79147/migrated_bd000bba-1d57-42c5-a5f6-c1ef042fa346_4_1772263387826.jpeg"",""https://gbugoqasyfdxpayjtzhm.supabase.co/storage/v1/object/public/item-images/a724fa6f-063a-4ef4-b972-e4ee72d79147/migrated_bd000bba-1d57-42c5-a5f6-c1ef042fa346_5_1772263387987.jpeg""]","headphones ",active,2026-02-21 23:34:35.864+00,2026-02-21 23:34:38.435779+00,0
bd618785-2102-4f2f-9d71-4d3faab4d263,a724fa6f-063a-4ef4-b972-e4ee72d79147,"hotwheels ","good collection ",cards_toys,like-new,"[""https://dealiit.com/api.php/storage/v1/object/public/item-images/a724fa6f-063a-4ef4-b972-e4ee72d79147/1772283743653_0.jpg"",""https://dealiit.com/api.php/storage/v1/object/public/item-images/a724fa6f-063a-4ef4-b972-e4ee72d79147/1772283744875_1.jpg"",""https://dealiit.com/api.php/storage/v1/object/public/item-images/a724fa6f-063a-4ef4-b972-e4ee72d79147/1772283745708_2.jpg"",""https://dealiit.com/api.php/storage/v1/object/public/item-images/a724fa6f-063a-4ef4-b972-e4ee72d79147/1772283746508_3.jpg"",""https://dealiit.com/api.php/storage/v1/object/public/item-images/a724fa6f-063a-4ef4-b972-e4ee72d79147/1772283747325_4.jpg"",""https://dealiit.com/api.php/storage/v1/object/public/item-images/a724fa6f-063a-4ef4-b972-e4ee72d79147/1772283748328_5.jpg""]",others,active,2026-02-28 13:02:29.008+00,2026-02-28 13:02:29.405645+00,0
c2135917-b86a-49fd-8137-c692c4c459c4,da184616-e61c-4894-9f8f-0e32909bb4ed,Press Iron,This is press I want to sell bcs I got remote opportunity no need to go office so this is useless now,electronics,new,"[""https://dealiit.com/api.php/storage/v1/object/public/item-images/da184616-e61c-4894-9f8f-0e32909bb4ed/1773040469061_0.jpg"",""https://dealiit.com/api.php/storage/v1/object/public/item-images/da184616-e61c-4894-9f8f-0e32909bb4ed/1773040469937_1.jpg"",""https://dealiit.com/api.php/storage/v1/object/public/item-images/da184616-e61c-4894-9f8f-0e32909bb4ed/1773040470193_2.jpg"",""https://dealiit.com/api.php/storage/v1/object/public/item-images/da184616-e61c-4894-9f8f-0e32909bb4ed/1773040470488_3.jpg""]",electronics,active,2026-03-09 07:14:30.769+00,2026-03-09 07:14:31.689055+00,0
c3e7152c-a40f-4103-8262-28df58daef9f,69f721a3-10f0-49ee-944d-821c53a6c308,plant,"man made plastic plants good to light up the environment ",home decor,like-new,"[""https://gbugoqasyfdxpayjtzhm.supabase.co/storage/v1/object/public/item-images/69f721a3-10f0-49ee-944d-821c53a6c308/migrated_c3e7152c-a40f-4103-8262-28df58daef9f_0_1772263345997.jpeg"",""https://gbugoqasyfdxpayjtzhm.supabase.co/storage/v1/object/public/item-images/69f721a3-10f0-49ee-944d-821c53a6c308/migrated_c3e7152c-a40f-4103-8262-28df58daef9f_1_1772263346233.jpeg"",""https://gbugoqasyfdxpayjtzhm.supabase.co/storage/v1/object/public/item-images/69f721a3-10f0-49ee-944d-821c53a6c308/migrated_c3e7152c-a40f-4103-8262-28df58daef9f_2_1772263346385.jpeg"",""https://gbugoqasyfdxpayjtzhm.supabase.co/storage/v1/object/public/item-images/69f721a3-10f0-49ee-944d-821c53a6c308/migrated_c3e7152c-a40f-4103-8262-28df58daef9f_3_1772263346572.jpeg"",""https://gbugoqasyfdxpayjtzhm.supabase.co/storage/v1/object/public/item-images/69f721a3-10f0-49ee-944d-821c53a6c308/migrated_c3e7152c-a40f-4103-8262-28df58daef9f_4_1772263346727.jpeg"",""https://gbugoqasyfdxpayjtzhm.supabase.co/storage/v1/object/public/item-images/69f721a3-10f0-49ee-944d-821c53a6c308/migrated_c3e7152c-a40f-4103-8262-28df58daef9f_5_1772263346935.jpeg""]",dk,active,2026-02-22 12:50:05.437+00,2026-02-22 12:50:05.745096+00,0
c76f1fa4-c98e-48a1-aeb3-dd4d444bb20e,0c1982c6-5bf4-422e-b0b9-c11d243e96af,Vintage Film camera,It works you just need yo buy film rolls. You can also use it as a showpiece or decor. Looks cool,electronics,good,"[""https://gbugoqasyfdxpayjtzhm.supabase.co/storage/v1/object/public/item-images/0c1982c6-5bf4-422e-b0b9-c11d243e96af/migrated_c76f1fa4-c98e-48a1-aeb3-dd4d444bb20e_0_1772263394187.jpeg"",""https://gbugoqasyfdxpayjtzhm.supabase.co/storage/v1/object/public/item-images/0c1982c6-5bf4-422e-b0b9-c11d243e96af/migrated_c76f1fa4-c98e-48a1-aeb3-dd4d444bb20e_1_1772263394312.jpeg"",""https://gbugoqasyfdxpayjtzhm.supabase.co/storage/v1/object/public/item-images/0c1982c6-5bf4-422e-b0b9-c11d243e96af/migrated_c76f1fa4-c98e-48a1-aeb3-dd4d444bb20e_2_1772263394447.jpeg"",""https://gbugoqasyfdxpayjtzhm.supabase.co/storage/v1/object/public/item-images/0c1982c6-5bf4-422e-b0b9-c11d243e96af/migrated_c76f1fa4-c98e-48a1-aeb3-dd4d444bb20e_3_1772263394580.jpeg"",""https://gbugoqasyfdxpayjtzhm.supabase.co/storage/v1/object/public/item-images/0c1982c6-5bf4-422e-b0b9-c11d243e96af/migrated_c76f1fa4-c98e-48a1-aeb3-dd4d444bb20e_4_1772263394703.jpeg"",""https://gbugoqasyfdxpayjtzhm.supabase.co/storage/v1/object/public/item-images/0c1982c6-5bf4-422e-b0b9-c11d243e96af/migrated_c76f1fa4-c98e-48a1-aeb3-dd4d444bb20e_5_1772263394866.jpeg"",""https://gbugoqasyfdxpayjtzhm.supabase.co/storage/v1/object/public/item-images/0c1982c6-5bf4-422e-b0b9-c11d243e96af/migrated_c76f1fa4-c98e-48a1-aeb3-dd4d444bb20e_6_1772263395027.jpeg""]",others,active,2026-02-26 07:27:33.988+00,2026-02-26 07:27:38.256365+00,0
cb93d241-cfc5-4cb2-a1e6-81931068d481,a724fa6f-063a-4ef4-b972-e4ee72d79147,car,nissan micra condition mid,car,good,"[""https://gbugoqasyfdxpayjtzhm.supabase.co/storage/v1/object/public/item-images/a724fa6f-063a-4ef4-b972-e4ee72d79147/migrated_cb93d241-cfc5-4cb2-a1e6-81931068d481_0_1772263383753.jpeg"",""https://gbugoqasyfdxpayjtzhm.supabase.co/storage/v1/object/public/item-images/a724fa6f-063a-4ef4-b972-e4ee72d79147/migrated_cb93d241-cfc5-4cb2-a1e6-81931068d481_1_1772263384001.jpeg"",""https://gbugoqasyfdxpayjtzhm.supabase.co/storage/v1/object/public/item-images/a724fa6f-063a-4ef4-b972-e4ee72d79147/migrated_cb93d241-cfc5-4cb2-a1e6-81931068d481_2_1772263384176.jpeg"",""https://gbugoqasyfdxpayjtzhm.supabase.co/storage/v1/object/public/item-images/a724fa6f-063a-4ef4-b972-e4ee72d79147/migrated_cb93d241-cfc5-4cb2-a1e6-81931068d481_3_1772263384339.jpeg"",""https://gbugoqasyfdxpayjtzhm.supabase.co/storage/v1/object/public/item-images/a724fa6f-063a-4ef4-b972-e4ee72d79147/migrated_cb93d241-cfc5-4cb2-a1e6-81931068d481_4_1772263384493.jpeg"",""https://gbugoqasyfdxpayjtzhm.supabase.co/storage/v1/object/public/item-images/a724fa6f-063a-4ef4-b972-e4ee72d79147/migrated_cb93d241-cfc5-4cb2-a1e6-81931068d481_5_1772263384649.jpeg""]",bike,swapped,2026-02-21 16:01:03.223+00,2026-02-21 18:42:52.733255+00,0
d136e0f7-0b35-4a89-aa4a-0ea3816a67a5,a724fa6f-063a-4ef4-b972-e4ee72d79147,hot wheels entire collection original,"available with boxes all famous cars available including porsche and bmws ","other ",like-new,"[""https://gbugoqasyfdxpayjtzhm.supabase.co/storage/v1/object/public/item-images/a724fa6f-063a-4ef4-b972-e4ee72d79147/migrated_d136e0f7-0b35-4a89-aa4a-0ea3816a67a5_0_1772264916147.jpeg"",""https://gbugoqasyfdxpayjtzhm.supabase.co/storage/v1/object/public/item-images/a724fa6f-063a-4ef4-b972-e4ee72d79147/migrated_d136e0f7-0b35-4a89-aa4a-0ea3816a67a5_1_1772264916320.jpeg"",""https://gbugoqasyfdxpayjtzhm.supabase.co/storage/v1/object/public/item-images/a724fa6f-063a-4ef4-b972-e4ee72d79147/migrated_d136e0f7-0b35-4a89-aa4a-0ea3816a67a5_2_1772264916525.jpeg"",""https://gbugoqasyfdxpayjtzhm.supabase.co/storage/v1/object/public/item-images/a724fa6f-063a-4ef4-b972-e4ee72d79147/migrated_d136e0f7-0b35-4a89-aa4a-0ea3816a67a5_3_1772264916936.jpeg"",""https://gbugoqasyfdxpayjtzhm.supabase.co/storage/v1/object/public/item-images/a724fa6f-063a-4ef4-b972-e4ee72d79147/migrated_d136e0f7-0b35-4a89-aa4a-0ea3816a67a5_4_1772264917076.jpeg"",""https://gbugoqasyfdxpayjtzhm.supabase.co/storage/v1/object/public/item-images/a724fa6f-063a-4ef4-b972-e4ee72d79147/migrated_d136e0f7-0b35-4a89-aa4a-0ea3816a67a5_5_1772264917236.jpeg""]","anything else ",active,2026-02-23 10:20:38.133+00,2026-02-23 10:20:38.984808+00,0
dd0aea35-95b5-433e-80ec-1bf7ff588c57,2a15f1da-6fd2-4d9a-8488-9dae19e4f797,"Action figure ",Kskashi,cards_toys,new,"[""https://dealiit.com/api.php/storage/v1/object/public/item-images/2a15f1da-6fd2-4d9a-8488-9dae19e4f797/1773040830160_0.jpg"",""https://dealiit.com/api.php/storage/v1/object/public/item-images/2a15f1da-6fd2-4d9a-8488-9dae19e4f797/1773040831331_1.jpg"",""https://dealiit.com/api.php/storage/v1/object/public/item-images/2a15f1da-6fd2-4d9a-8488-9dae19e4f797/1773040831791_2.jpg""]",cards_toys,active,2026-03-09 07:20:32.212+00,2026-03-09 07:20:33.298207+00,0
de4ae55c-bc5f-4b8d-b0a6-ce348c30218e,5990a8cf-0c1e-4e0b-a103-a54577d79fc4,Hello,qwerty Hello,Electronics,like-new,"[""https://gbugoqasyfdxpayjtzhm.supabase.co/storage/v1/object/public/item-images/5990a8cf-0c1e-4e0b-a103-a54577d79fc4/migrated_de4ae55c-bc5f-4b8d-b0a6-ce348c30218e_0_1772263370789.jpeg"",""https://gbugoqasyfdxpayjtzhm.supabase.co/storage/v1/object/public/item-images/5990a8cf-0c1e-4e0b-a103-a54577d79fc4/migrated_de4ae55c-bc5f-4b8d-b0a6-ce348c30218e_1_1772263371101.jpeg"",""https://gbugoqasyfdxpayjtzhm.supabase.co/storage/v1/object/public/item-images/5990a8cf-0c1e-4e0b-a103-a54577d79fc4/migrated_de4ae55c-bc5f-4b8d-b0a6-ce348c30218e_2_1772263371352.jpeg"",""https://gbugoqasyfdxpayjtzhm.supabase.co/storage/v1/object/public/item-images/5990a8cf-0c1e-4e0b-a103-a54577d79fc4/migrated_de4ae55c-bc5f-4b8d-b0a6-ce348c30218e_3_1772263371524.jpeg"",""https://gbugoqasyfdxpayjtzhm.supabase.co/storage/v1/object/public/item-images/5990a8cf-0c1e-4e0b-a103-a54577d79fc4/migrated_de4ae55c-bc5f-4b8d-b0a6-ce348c30218e_4_1772263371684.jpeg"",""https://gbugoqasyfdxpayjtzhm.supabase.co/storage/v1/object/public/item-images/5990a8cf-0c1e-4e0b-a103-a54577d79fc4/migrated_de4ae55c-bc5f-4b8d-b0a6-ce348c30218e_5_1772263371827.jpeg""]",Iphone Model Only,swapped,2026-02-19 14:08:12.228+00,2026-02-19 14:11:11.92619+00,0
def6178d-d5d9-4818-ae69-fcc7e2560436,69f721a3-10f0-49ee-944d-821c53a6c308,"gaming chair ","good condition recently bought ",home_living,good,"[""https://gbugoqasyfdxpayjtzhm.supabase.co/storage/v1/object/public/item-images/69f721a3-10f0-49ee-944d-821c53a6c308/migrated_def6178d-d5d9-4818-ae69-fcc7e2560436_0_1772264838384.jpeg"",""https://gbugoqasyfdxpayjtzhm.supabase.co/storage/v1/object/public/item-images/69f721a3-10f0-49ee-944d-821c53a6c308/migrated_def6178d-d5d9-4818-ae69-fcc7e2560436_1_1772264838523.jpeg"",""https://gbugoqasyfdxpayjtzhm.supabase.co/storage/v1/object/public/item-images/69f721a3-10f0-49ee-944d-821c53a6c308/migrated_def6178d-d5d9-4818-ae69-fcc7e2560436_2_1772264838684.jpeg"",""https://gbugoqasyfdxpayjtzhm.supabase.co/storage/v1/object/public/item-images/69f721a3-10f0-49ee-944d-821c53a6c308/migrated_def6178d-d5d9-4818-ae69-fcc7e2560436_3_1772264838829.jpeg"",""https://gbugoqasyfdxpayjtzhm.supabase.co/storage/v1/object/public/item-images/69f721a3-10f0-49ee-944d-821c53a6c308/migrated_def6178d-d5d9-4818-ae69-fcc7e2560436_4_1772264838982.jpeg"",""https://gbugoqasyfdxpayjtzhm.supabase.co/storage/v1/object/public/item-images/69f721a3-10f0-49ee-944d-821c53a6c308/migrated_def6178d-d5d9-4818-ae69-fcc7e2560436_5_1772264839131.jpeg""]",home_living,active,2026-02-24 13:09:11.037+00,2026-02-24 13:09:11.354611+00,0
e00b91c6-c1f9-4d28-8b8e-deac2aedaa76,5990a8cf-0c1e-4e0b-a103-a54577d79fc4,Jeet,Qwert,fashion,good,"[""https://gbugoqasyfdxpayjtzhm.supabase.co/storage/v1/object/public/item-images/5990a8cf-0c1e-4e0b-a103-a54577d79fc4/migrated_e00b91c6-c1f9-4d28-8b8e-deac2aedaa76_0_1772263389349.jpeg"",""https://gbugoqasyfdxpayjtzhm.supabase.co/storage/v1/object/public/item-images/5990a8cf-0c1e-4e0b-a103-a54577d79fc4/migrated_e00b91c6-c1f9-4d28-8b8e-deac2aedaa76_1_1772263389522.jpeg"",""https://gbugoqasyfdxpayjtzhm.supabase.co/storage/v1/object/public/item-images/5990a8cf-0c1e-4e0b-a103-a54577d79fc4/migrated_e00b91c6-c1f9-4d28-8b8e-deac2aedaa76_2_1772263389667.jpeg"",""https://gbugoqasyfdxpayjtzhm.supabase.co/storage/v1/object/public/item-images/5990a8cf-0c1e-4e0b-a103-a54577d79fc4/migrated_e00b91c6-c1f9-4d28-8b8e-deac2aedaa76_3_1772263389797.jpeg"",""https://gbugoqasyfdxpayjtzhm.supabase.co/storage/v1/object/public/item-images/5990a8cf-0c1e-4e0b-a103-a54577d79fc4/migrated_e00b91c6-c1f9-4d28-8b8e-deac2aedaa76_4_1772263389968.jpeg"",""https://gbugoqasyfdxpayjtzhm.supabase.co/storage/v1/object/public/item-images/5990a8cf-0c1e-4e0b-a103-a54577d79fc4/migrated_e00b91c6-c1f9-4d28-8b8e-deac2aedaa76_5_1772263390123.jpeg""]",Iphone model only,swapped,2026-02-19 08:13:55.166+00,2026-02-19 08:13:55.420593+00,0
e2a618d8-69bb-435c-b34c-17d27bbddf53,93d077e7-f203-4439-bafd-cbba63c6a785,jjjj,nsnsnsns,electronics,new,"[""https://dealiit.com/api.php/storage/v1/object/public/item-images/93d077e7-f203-4439-bafd-cbba63c6a785/1773427566253_0.jpg"",""https://dealiit.com/api.php/storage/v1/object/public/item-images/93d077e7-f203-4439-bafd-cbba63c6a785/1773427567441_1.jpg"",""https://dealiit.com/api.php/storage/v1/object/public/item-images/93d077e7-f203-4439-bafd-cbba63c6a785/1773427568310_2.jpg""]",electronics,active,2026-03-13 18:46:08.651+00,2026-03-13 18:46:09.826475+00,0
e2c5db1b-7c6c-463d-b39f-481138783120,a724fa6f-063a-4ef4-b972-e4ee72d79147,"zara jacket ","new condition worn only twice original price 4000rs ",fashion,like-new,"[""https://gbugoqasyfdxpayjtzhm.supabase.co/storage/v1/object/public/item-images/a724fa6f-063a-4ef4-b972-e4ee72d79147/migrated_e2c5db1b-7c6c-463d-b39f-481138783120_0_1772263385854.jpeg"",""https://gbugoqasyfdxpayjtzhm.supabase.co/storage/v1/object/public/item-images/a724fa6f-063a-4ef4-b972-e4ee72d79147/migrated_e2c5db1b-7c6c-463d-b39f-481138783120_1_1772263385983.jpeg"",""https://gbugoqasyfdxpayjtzhm.supabase.co/storage/v1/object/public/item-images/a724fa6f-063a-4ef4-b972-e4ee72d79147/migrated_e2c5db1b-7c6c-463d-b39f-481138783120_2_1772263386156.jpeg"",""https://gbugoqasyfdxpayjtzhm.supabase.co/storage/v1/object/public/item-images/a724fa6f-063a-4ef4-b972-e4ee72d79147/migrated_e2c5db1b-7c6c-463d-b39f-481138783120_3_1772263386298.jpeg"",""https://gbugoqasyfdxpayjtzhm.supabase.co/storage/v1/object/public/item-images/a724fa6f-063a-4ef4-b972-e4ee72d79147/migrated_e2c5db1b-7c6c-463d-b39f-481138783120_4_1772263386504.jpeg"",""https://gbugoqasyfdxpayjtzhm.supabase.co/storage/v1/object/public/item-images/a724fa6f-063a-4ef4-b972-e4ee72d79147/migrated_e2c5db1b-7c6c-463d-b39f-481138783120_5_1772263386651.jpeg""]",anything works,swapped,2026-02-21 11:47:37.206+00,2026-02-21 19:26:34.777483+00,0
e68d7d10-0ceb-4a8a-8b03-ee852034a0c7,1f85d38b-241b-4dfb-8cde-799ce18f8b43,"Intern guitar ","Brand new condition ",hobbies_crafts,new,"[""https://gbugoqasyfdxpayjtzhm.supabase.co/storage/v1/object/public/item-images/1f85d38b-241b-4dfb-8cde-799ce18f8b43/migrated_e68d7d10-0ceb-4a8a-8b03-ee852034a0c7_0_1772263395235.jpeg"",""https://gbugoqasyfdxpayjtzhm.supabase.co/storage/v1/object/public/item-images/1f85d38b-241b-4dfb-8cde-799ce18f8b43/migrated_e68d7d10-0ceb-4a8a-8b03-ee852034a0c7_1_1772263395396.jpeg"",""https://gbugoqasyfdxpayjtzhm.supabase.co/storage/v1/object/public/item-images/1f85d38b-241b-4dfb-8cde-799ce18f8b43/migrated_e68d7d10-0ceb-4a8a-8b03-ee852034a0c7_2_1772263395553.jpeg"",""https://gbugoqasyfdxpayjtzhm.supabase.co/storage/v1/object/public/item-images/1f85d38b-241b-4dfb-8cde-799ce18f8b43/migrated_e68d7d10-0ceb-4a8a-8b03-ee852034a0c7_3_1772263395707.jpeg"",""https://gbugoqasyfdxpayjtzhm.supabase.co/storage/v1/object/public/item-images/1f85d38b-241b-4dfb-8cde-799ce18f8b43/migrated_e68d7d10-0ceb-4a8a-8b03-ee852034a0c7_4_1772263395832.jpeg"",""https://gbugoqasyfdxpayjtzhm.supabase.co/storage/v1/object/public/item-images/1f85d38b-241b-4dfb-8cde-799ce18f8b43/migrated_e68d7d10-0ceb-4a8a-8b03-ee852034a0c7_5_1772263396006.jpeg"",""https://gbugoqasyfdxpayjtzhm.supabase.co/storage/v1/object/public/item-images/1f85d38b-241b-4dfb-8cde-799ce18f8b43/migrated_e68d7d10-0ceb-4a8a-8b03-ee852034a0c7_6_1772263396173.jpeg"",""https://gbugoqasyfdxpayjtzhm.supabase.co/storage/v1/object/public/item-images/1f85d38b-241b-4dfb-8cde-799ce18f8b43/migrated_e68d7d10-0ceb-4a8a-8b03-ee852034a0c7_7_1772263396314.jpeg"",""https://gbugoqasyfdxpayjtzhm.supabase.co/storage/v1/object/public/item-images/1f85d38b-241b-4dfb-8cde-799ce18f8b43/migrated_e68d7d10-0ceb-4a8a-8b03-ee852034a0c7_8_1772263396456.jpeg""]",sports_fitness,active,2026-02-26 07:28:21.084+00,2026-02-26 07:28:22.46515+00,0
e9b57f30-c4a9-41fe-9e50-2363ce75b7ca,a2b48f69-e9a2-481c-9ffe-8dd044b7b8b2,"JBL FLIP 5 ","It is a Bluetooth speaker. Voice is still the same as it was before. It's outer body is in bad condition. It just looks a little bad but the sound quality is great. 

Don't judge a book by it's cover ","Bluetooth speaker ",good,"[""https://gbugoqasyfdxpayjtzhm.supabase.co/storage/v1/object/public/item-images/a2b48f69-e9a2-481c-9ffe-8dd044b7b8b2/migrated_e9b57f30-c4a9-41fe-9e50-2363ce75b7ca_0_1772264919509.jpeg"",""https://gbugoqasyfdxpayjtzhm.supabase.co/storage/v1/object/public/item-images/a2b48f69-e9a2-481c-9ffe-8dd044b7b8b2/migrated_e9b57f30-c4a9-41fe-9e50-2363ce75b7ca_1_1772264919669.jpeg"",""https://gbugoqasyfdxpayjtzhm.supabase.co/storage/v1/object/public/item-images/a2b48f69-e9a2-481c-9ffe-8dd044b7b8b2/migrated_e9b57f30-c4a9-41fe-9e50-2363ce75b7ca_2_1772264919805.jpeg"",""https://gbugoqasyfdxpayjtzhm.supabase.co/storage/v1/object/public/item-images/a2b48f69-e9a2-481c-9ffe-8dd044b7b8b2/migrated_e9b57f30-c4a9-41fe-9e50-2363ce75b7ca_3_1772264919931.jpeg"",""https://gbugoqasyfdxpayjtzhm.supabase.co/storage/v1/object/public/item-images/a2b48f69-e9a2-481c-9ffe-8dd044b7b8b2/migrated_e9b57f30-c4a9-41fe-9e50-2363ce75b7ca_4_1772264920085.jpeg"",""https://gbugoqasyfdxpayjtzhm.supabase.co/storage/v1/object/public/item-images/a2b48f69-e9a2-481c-9ffe-8dd044b7b8b2/migrated_e9b57f30-c4a9-41fe-9e50-2363ce75b7ca_5_1772264920240.jpeg""]",A small bluetooth speaker than that or headphone etc .,active,2026-02-21 11:01:14.557+00,2026-02-21 11:01:16.367021+00,0
fc91ad1f-b3aa-4d8a-a3ef-2df3cd6f13df,7d15287c-65ae-4c4e-8361-847b135974b7,Dinning Table,Good,Furniture,like-new,"[""https://gbugoqasyfdxpayjtzhm.supabase.co/storage/v1/object/public/item-images/7d15287c-65ae-4c4e-8361-847b135974b7/migrated_fc91ad1f-b3aa-4d8a-a3ef-2df3cd6f13df_0_1772263378886.jpeg"",""https://gbugoqasyfdxpayjtzhm.supabase.co/storage/v1/object/public/item-images/7d15287c-65ae-4c4e-8361-847b135974b7/migrated_fc91ad1f-b3aa-4d8a-a3ef-2df3cd6f13df_1_1772263379054.jpeg"",""https://gbugoqasyfdxpayjtzhm.supabase.co/storage/v1/object/public/item-images/7d15287c-65ae-4c4e-8361-847b135974b7/migrated_fc91ad1f-b3aa-4d8a-a3ef-2df3cd6f13df_2_1772263379221.jpeg"",""https://gbugoqasyfdxpayjtzhm.supabase.co/storage/v1/object/public/item-images/7d15287c-65ae-4c4e-8361-847b135974b7/migrated_fc91ad1f-b3aa-4d8a-a3ef-2df3cd6f13df_3_1772263379384.jpeg"",""https://gbugoqasyfdxpayjtzhm.supabase.co/storage/v1/object/public/item-images/7d15287c-65ae-4c4e-8361-847b135974b7/migrated_fc91ad1f-b3aa-4d8a-a3ef-2df3cd6f13df_4_1772263379706.jpeg"",""https://gbugoqasyfdxpayjtzhm.supabase.co/storage/v1/object/public/item-images/7d15287c-65ae-4c4e-8361-847b135974b7/migrated_fc91ad1f-b3aa-4d8a-a3ef-2df3cd6f13df_5_1772263379852.jpeg""]",TV,swapped,2026-02-21 09:29:11.443+00,2026-02-21 09:33:00.265369+00,0
fcba896d-cec5-43ab-ad3c-89323ea38e1b,5990a8cf-0c1e-4e0b-a103-a54577d79fc4,"dinning table ",fair,furniture,fair,"[""https://gbugoqasyfdxpayjtzhm.supabase.co/storage/v1/object/public/item-images/5990a8cf-0c1e-4e0b-a103-a54577d79fc4/migrated_fcba896d-cec5-43ab-ad3c-89323ea38e1b_0_1772263381208.jpeg"",""https://gbugoqasyfdxpayjtzhm.supabase.co/storage/v1/object/public/item-images/5990a8cf-0c1e-4e0b-a103-a54577d79fc4/migrated_fcba896d-cec5-43ab-ad3c-89323ea38e1b_1_1772263381382.jpeg"",""https://gbugoqasyfdxpayjtzhm.supabase.co/storage/v1/object/public/item-images/5990a8cf-0c1e-4e0b-a103-a54577d79fc4/migrated_fcba896d-cec5-43ab-ad3c-89323ea38e1b_2_1772263381524.jpeg"",""https://gbugoqasyfdxpayjtzhm.supabase.co/storage/v1/object/public/item-images/5990a8cf-0c1e-4e0b-a103-a54577d79fc4/migrated_fcba896d-cec5-43ab-ad3c-89323ea38e1b_3_1772263381749.jpeg"",""https://gbugoqasyfdxpayjtzhm.supabase.co/storage/v1/object/public/item-images/5990a8cf-0c1e-4e0b-a103-a54577d79fc4/migrated_fcba896d-cec5-43ab-ad3c-89323ea38e1b_4_1772263382030.jpeg"",""https://gbugoqasyfdxpayjtzhm.supabase.co/storage/v1/object/public/item-images/5990a8cf-0c1e-4e0b-a103-a54577d79fc4/migrated_fcba896d-cec5-43ab-ad3c-89323ea38e1b_5_1772263382296.jpeg""]","4 chairs ",active,2026-02-21 09:57:13.562+00,2026-02-21 09:57:15.558247+00,0